<?xml version="1.0" encoding="utf-8"?>
<!DOCTYPE rrd SYSTEM "http://oss.oetiker.ch/rrdtool/rrdtool.dtd">
<!-- Round Robin Database Dump -->
<rrd>
	<version>0003</version>
	<step>60</step> <!-- Seconds -->
	<lastupdate>1540005333</lastupdate> <!-- 2018-10-19 22:15:33 CDT -->

	<ds>
		<name> cpu </name>
		<type> GAUGE </type>
		<minimal_heartbeat>600</minimal_heartbeat>
		<min>NaN</min>
		<max>NaN</max>

		<!-- PDP Status -->
		<last_ds>55</last_ds>
		<value>1.6952767760e+03</value>
		<unknown_sec> 0 </unknown_sec>
	</ds>

	<!-- Round Robin Archives -->
	<rra>
		<cf>AVERAGE</cf>
		<pdp_per_row>6</pdp_per_row> <!-- 360 seconds -->

		<params>
		<xff>5.0000000000e-01</xff>
		</params>
		<cdp_prep>
			<ds>
			<primary_value>4.3253031583e+01</primary_value>
			<secondary_value>4.3933124117e+01</secondary_value>
			<value>1.1418888035e+02</value>
			<unknown_datapoints>0</unknown_datapoints>
			</ds>
		</cdp_prep>
		<database>
			<!-- 2018-10-17 00:18:00 CDT / 1539753480 --> <row><v>NaN</v></row>
			<!-- 2018-10-17 00:24:00 CDT / 1539753840 --> <row><v>NaN</v></row>
			<!-- 2018-10-17 00:30:00 CDT / 1539754200 --> <row><v>NaN</v></row>
			<!-- 2018-10-17 00:36:00 CDT / 1539754560 --> <row><v>NaN</v></row>
			<!-- 2018-10-17 00:42:00 CDT / 1539754920 --> <row><v>NaN</v></row>
			<!-- 2018-10-17 00:48:00 CDT / 1539755280 --> <row><v>NaN</v></row>
			<!-- 2018-10-17 00:54:00 CDT / 1539755640 --> <row><v>NaN</v></row>
			<!-- 2018-10-17 01:00:00 CDT / 1539756000 --> <row><v>NaN</v></row>
			<!-- 2018-10-17 01:06:00 CDT / 1539756360 --> <row><v>NaN</v></row>
			<!-- 2018-10-17 01:12:00 CDT / 1539756720 --> <row><v>NaN</v></row>
			<!-- 2018-10-17 01:18:00 CDT / 1539757080 --> <row><v>NaN</v></row>
			<!-- 2018-10-17 01:24:00 CDT / 1539757440 --> <row><v>NaN</v></row>
			<!-- 2018-10-17 01:30:00 CDT / 1539757800 --> <row><v>NaN</v></row>
			<!-- 2018-10-17 01:36:00 CDT / 1539758160 --> <row><v>NaN</v></row>
			<!-- 2018-10-17 01:42:00 CDT / 1539758520 --> <row><v>NaN</v></row>
			<!-- 2018-10-17 01:48:00 CDT / 1539758880 --> <row><v>NaN</v></row>
			<!-- 2018-10-17 01:54:00 CDT / 1539759240 --> <row><v>NaN</v></row>
			<!-- 2018-10-17 02:00:00 CDT / 1539759600 --> <row><v>NaN</v></row>
			<!-- 2018-10-17 02:06:00 CDT / 1539759960 --> <row><v>NaN</v></row>
			<!-- 2018-10-17 02:12:00 CDT / 1539760320 --> <row><v>NaN</v></row>
			<!-- 2018-10-17 02:18:00 CDT / 1539760680 --> <row><v>NaN</v></row>
			<!-- 2018-10-17 02:24:00 CDT / 1539761040 --> <row><v>NaN</v></row>
			<!-- 2018-10-17 02:30:00 CDT / 1539761400 --> <row><v>NaN</v></row>
			<!-- 2018-10-17 02:36:00 CDT / 1539761760 --> <row><v>NaN</v></row>
			<!-- 2018-10-17 02:42:00 CDT / 1539762120 --> <row><v>NaN</v></row>
			<!-- 2018-10-17 02:48:00 CDT / 1539762480 --> <row><v>NaN</v></row>
			<!-- 2018-10-17 02:54:00 CDT / 1539762840 --> <row><v>NaN</v></row>
			<!-- 2018-10-17 03:00:00 CDT / 1539763200 --> <row><v>NaN</v></row>
			<!-- 2018-10-17 03:06:00 CDT / 1539763560 --> <row><v>NaN</v></row>
			<!-- 2018-10-17 03:12:00 CDT / 1539763920 --> <row><v>NaN</v></row>
			<!-- 2018-10-17 03:18:00 CDT / 1539764280 --> <row><v>NaN</v></row>
			<!-- 2018-10-17 03:24:00 CDT / 1539764640 --> <row><v>NaN</v></row>
			<!-- 2018-10-17 03:30:00 CDT / 1539765000 --> <row><v>NaN</v></row>
			<!-- 2018-10-17 03:36:00 CDT / 1539765360 --> <row><v>NaN</v></row>
			<!-- 2018-10-17 03:42:00 CDT / 1539765720 --> <row><v>NaN</v></row>
			<!-- 2018-10-17 03:48:00 CDT / 1539766080 --> <row><v>NaN</v></row>
			<!-- 2018-10-17 03:54:00 CDT / 1539766440 --> <row><v>NaN</v></row>
			<!-- 2018-10-17 04:00:00 CDT / 1539766800 --> <row><v>NaN</v></row>
			<!-- 2018-10-17 04:06:00 CDT / 1539767160 --> <row><v>NaN</v></row>
			<!-- 2018-10-17 04:12:00 CDT / 1539767520 --> <row><v>NaN</v></row>
			<!-- 2018-10-17 04:18:00 CDT / 1539767880 --> <row><v>NaN</v></row>
			<!-- 2018-10-17 04:24:00 CDT / 1539768240 --> <row><v>NaN</v></row>
			<!-- 2018-10-17 04:30:00 CDT / 1539768600 --> <row><v>NaN</v></row>
			<!-- 2018-10-17 04:36:00 CDT / 1539768960 --> <row><v>NaN</v></row>
			<!-- 2018-10-17 04:42:00 CDT / 1539769320 --> <row><v>NaN</v></row>
			<!-- 2018-10-17 04:48:00 CDT / 1539769680 --> <row><v>NaN</v></row>
			<!-- 2018-10-17 04:54:00 CDT / 1539770040 --> <row><v>NaN</v></row>
			<!-- 2018-10-17 05:00:00 CDT / 1539770400 --> <row><v>NaN</v></row>
			<!-- 2018-10-17 05:06:00 CDT / 1539770760 --> <row><v>NaN</v></row>
			<!-- 2018-10-17 05:12:00 CDT / 1539771120 --> <row><v>NaN</v></row>
			<!-- 2018-10-17 05:18:00 CDT / 1539771480 --> <row><v>NaN</v></row>
			<!-- 2018-10-17 05:24:00 CDT / 1539771840 --> <row><v>NaN</v></row>
			<!-- 2018-10-17 05:30:00 CDT / 1539772200 --> <row><v>NaN</v></row>
			<!-- 2018-10-17 05:36:00 CDT / 1539772560 --> <row><v>NaN</v></row>
			<!-- 2018-10-17 05:42:00 CDT / 1539772920 --> <row><v>NaN</v></row>
			<!-- 2018-10-17 05:48:00 CDT / 1539773280 --> <row><v>NaN</v></row>
			<!-- 2018-10-17 05:54:00 CDT / 1539773640 --> <row><v>NaN</v></row>
			<!-- 2018-10-17 06:00:00 CDT / 1539774000 --> <row><v>NaN</v></row>
			<!-- 2018-10-17 06:06:00 CDT / 1539774360 --> <row><v>NaN</v></row>
			<!-- 2018-10-17 06:12:00 CDT / 1539774720 --> <row><v>NaN</v></row>
			<!-- 2018-10-17 06:18:00 CDT / 1539775080 --> <row><v>NaN</v></row>
			<!-- 2018-10-17 06:24:00 CDT / 1539775440 --> <row><v>NaN</v></row>
			<!-- 2018-10-17 06:30:00 CDT / 1539775800 --> <row><v>NaN</v></row>
			<!-- 2018-10-17 06:36:00 CDT / 1539776160 --> <row><v>NaN</v></row>
			<!-- 2018-10-17 06:42:00 CDT / 1539776520 --> <row><v>NaN</v></row>
			<!-- 2018-10-17 06:48:00 CDT / 1539776880 --> <row><v>NaN</v></row>
			<!-- 2018-10-17 06:54:00 CDT / 1539777240 --> <row><v>NaN</v></row>
			<!-- 2018-10-17 07:00:00 CDT / 1539777600 --> <row><v>NaN</v></row>
			<!-- 2018-10-17 07:06:00 CDT / 1539777960 --> <row><v>NaN</v></row>
			<!-- 2018-10-17 07:12:00 CDT / 1539778320 --> <row><v>NaN</v></row>
			<!-- 2018-10-17 07:18:00 CDT / 1539778680 --> <row><v>NaN</v></row>
			<!-- 2018-10-17 07:24:00 CDT / 1539779040 --> <row><v>NaN</v></row>
			<!-- 2018-10-17 07:30:00 CDT / 1539779400 --> <row><v>NaN</v></row>
			<!-- 2018-10-17 07:36:00 CDT / 1539779760 --> <row><v>NaN</v></row>
			<!-- 2018-10-17 07:42:00 CDT / 1539780120 --> <row><v>NaN</v></row>
			<!-- 2018-10-17 07:48:00 CDT / 1539780480 --> <row><v>NaN</v></row>
			<!-- 2018-10-17 07:54:00 CDT / 1539780840 --> <row><v>NaN</v></row>
			<!-- 2018-10-17 08:00:00 CDT / 1539781200 --> <row><v>NaN</v></row>
			<!-- 2018-10-17 08:06:00 CDT / 1539781560 --> <row><v>NaN</v></row>
			<!-- 2018-10-17 08:12:00 CDT / 1539781920 --> <row><v>NaN</v></row>
			<!-- 2018-10-17 08:18:00 CDT / 1539782280 --> <row><v>NaN</v></row>
			<!-- 2018-10-17 08:24:00 CDT / 1539782640 --> <row><v>NaN</v></row>
			<!-- 2018-10-17 08:30:00 CDT / 1539783000 --> <row><v>NaN</v></row>
			<!-- 2018-10-17 08:36:00 CDT / 1539783360 --> <row><v>NaN</v></row>
			<!-- 2018-10-17 08:42:00 CDT / 1539783720 --> <row><v>NaN</v></row>
			<!-- 2018-10-17 08:48:00 CDT / 1539784080 --> <row><v>NaN</v></row>
			<!-- 2018-10-17 08:54:00 CDT / 1539784440 --> <row><v>NaN</v></row>
			<!-- 2018-10-17 09:00:00 CDT / 1539784800 --> <row><v>NaN</v></row>
			<!-- 2018-10-17 09:06:00 CDT / 1539785160 --> <row><v>NaN</v></row>
			<!-- 2018-10-17 09:12:00 CDT / 1539785520 --> <row><v>NaN</v></row>
			<!-- 2018-10-17 09:18:00 CDT / 1539785880 --> <row><v>NaN</v></row>
			<!-- 2018-10-17 09:24:00 CDT / 1539786240 --> <row><v>NaN</v></row>
			<!-- 2018-10-17 09:30:00 CDT / 1539786600 --> <row><v>NaN</v></row>
			<!-- 2018-10-17 09:36:00 CDT / 1539786960 --> <row><v>NaN</v></row>
			<!-- 2018-10-17 09:42:00 CDT / 1539787320 --> <row><v>NaN</v></row>
			<!-- 2018-10-17 09:48:00 CDT / 1539787680 --> <row><v>NaN</v></row>
			<!-- 2018-10-17 09:54:00 CDT / 1539788040 --> <row><v>NaN</v></row>
			<!-- 2018-10-17 10:00:00 CDT / 1539788400 --> <row><v>NaN</v></row>
			<!-- 2018-10-17 10:06:00 CDT / 1539788760 --> <row><v>NaN</v></row>
			<!-- 2018-10-17 10:12:00 CDT / 1539789120 --> <row><v>NaN</v></row>
			<!-- 2018-10-17 10:18:00 CDT / 1539789480 --> <row><v>NaN</v></row>
			<!-- 2018-10-17 10:24:00 CDT / 1539789840 --> <row><v>NaN</v></row>
			<!-- 2018-10-17 10:30:00 CDT / 1539790200 --> <row><v>NaN</v></row>
			<!-- 2018-10-17 10:36:00 CDT / 1539790560 --> <row><v>NaN</v></row>
			<!-- 2018-10-17 10:42:00 CDT / 1539790920 --> <row><v>NaN</v></row>
			<!-- 2018-10-17 10:48:00 CDT / 1539791280 --> <row><v>NaN</v></row>
			<!-- 2018-10-17 10:54:00 CDT / 1539791640 --> <row><v>NaN</v></row>
			<!-- 2018-10-17 11:00:00 CDT / 1539792000 --> <row><v>NaN</v></row>
			<!-- 2018-10-17 11:06:00 CDT / 1539792360 --> <row><v>NaN</v></row>
			<!-- 2018-10-17 11:12:00 CDT / 1539792720 --> <row><v>NaN</v></row>
			<!-- 2018-10-17 11:18:00 CDT / 1539793080 --> <row><v>NaN</v></row>
			<!-- 2018-10-17 11:24:00 CDT / 1539793440 --> <row><v>NaN</v></row>
			<!-- 2018-10-17 11:30:00 CDT / 1539793800 --> <row><v>NaN</v></row>
			<!-- 2018-10-17 11:36:00 CDT / 1539794160 --> <row><v>NaN</v></row>
			<!-- 2018-10-17 11:42:00 CDT / 1539794520 --> <row><v>NaN</v></row>
			<!-- 2018-10-17 11:48:00 CDT / 1539794880 --> <row><v>NaN</v></row>
			<!-- 2018-10-17 11:54:00 CDT / 1539795240 --> <row><v>NaN</v></row>
			<!-- 2018-10-17 12:00:00 CDT / 1539795600 --> <row><v>NaN</v></row>
			<!-- 2018-10-17 12:06:00 CDT / 1539795960 --> <row><v>NaN</v></row>
			<!-- 2018-10-17 12:12:00 CDT / 1539796320 --> <row><v>NaN</v></row>
			<!-- 2018-10-17 12:18:00 CDT / 1539796680 --> <row><v>NaN</v></row>
			<!-- 2018-10-17 12:24:00 CDT / 1539797040 --> <row><v>NaN</v></row>
			<!-- 2018-10-17 12:30:00 CDT / 1539797400 --> <row><v>NaN</v></row>
			<!-- 2018-10-17 12:36:00 CDT / 1539797760 --> <row><v>NaN</v></row>
			<!-- 2018-10-17 12:42:00 CDT / 1539798120 --> <row><v>NaN</v></row>
			<!-- 2018-10-17 12:48:00 CDT / 1539798480 --> <row><v>NaN</v></row>
			<!-- 2018-10-17 12:54:00 CDT / 1539798840 --> <row><v>NaN</v></row>
			<!-- 2018-10-17 13:00:00 CDT / 1539799200 --> <row><v>NaN</v></row>
			<!-- 2018-10-17 13:06:00 CDT / 1539799560 --> <row><v>NaN</v></row>
			<!-- 2018-10-17 13:12:00 CDT / 1539799920 --> <row><v>NaN</v></row>
			<!-- 2018-10-17 13:18:00 CDT / 1539800280 --> <row><v>NaN</v></row>
			<!-- 2018-10-17 13:24:00 CDT / 1539800640 --> <row><v>NaN</v></row>
			<!-- 2018-10-17 13:30:00 CDT / 1539801000 --> <row><v>NaN</v></row>
			<!-- 2018-10-17 13:36:00 CDT / 1539801360 --> <row><v>NaN</v></row>
			<!-- 2018-10-17 13:42:00 CDT / 1539801720 --> <row><v>NaN</v></row>
			<!-- 2018-10-17 13:48:00 CDT / 1539802080 --> <row><v>NaN</v></row>
			<!-- 2018-10-17 13:54:00 CDT / 1539802440 --> <row><v>NaN</v></row>
			<!-- 2018-10-17 14:00:00 CDT / 1539802800 --> <row><v>NaN</v></row>
			<!-- 2018-10-17 14:06:00 CDT / 1539803160 --> <row><v>NaN</v></row>
			<!-- 2018-10-17 14:12:00 CDT / 1539803520 --> <row><v>NaN</v></row>
			<!-- 2018-10-17 14:18:00 CDT / 1539803880 --> <row><v>NaN</v></row>
			<!-- 2018-10-17 14:24:00 CDT / 1539804240 --> <row><v>NaN</v></row>
			<!-- 2018-10-17 14:30:00 CDT / 1539804600 --> <row><v>NaN</v></row>
			<!-- 2018-10-17 14:36:00 CDT / 1539804960 --> <row><v>NaN</v></row>
			<!-- 2018-10-17 14:42:00 CDT / 1539805320 --> <row><v>NaN</v></row>
			<!-- 2018-10-17 14:48:00 CDT / 1539805680 --> <row><v>NaN</v></row>
			<!-- 2018-10-17 14:54:00 CDT / 1539806040 --> <row><v>NaN</v></row>
			<!-- 2018-10-17 15:00:00 CDT / 1539806400 --> <row><v>NaN</v></row>
			<!-- 2018-10-17 15:06:00 CDT / 1539806760 --> <row><v>NaN</v></row>
			<!-- 2018-10-17 15:12:00 CDT / 1539807120 --> <row><v>NaN</v></row>
			<!-- 2018-10-17 15:18:00 CDT / 1539807480 --> <row><v>NaN</v></row>
			<!-- 2018-10-17 15:24:00 CDT / 1539807840 --> <row><v>NaN</v></row>
			<!-- 2018-10-17 15:30:00 CDT / 1539808200 --> <row><v>NaN</v></row>
			<!-- 2018-10-17 15:36:00 CDT / 1539808560 --> <row><v>NaN</v></row>
			<!-- 2018-10-17 15:42:00 CDT / 1539808920 --> <row><v>NaN</v></row>
			<!-- 2018-10-17 15:48:00 CDT / 1539809280 --> <row><v>NaN</v></row>
			<!-- 2018-10-17 15:54:00 CDT / 1539809640 --> <row><v>NaN</v></row>
			<!-- 2018-10-17 16:00:00 CDT / 1539810000 --> <row><v>NaN</v></row>
			<!-- 2018-10-17 16:06:00 CDT / 1539810360 --> <row><v>NaN</v></row>
			<!-- 2018-10-17 16:12:00 CDT / 1539810720 --> <row><v>NaN</v></row>
			<!-- 2018-10-17 16:18:00 CDT / 1539811080 --> <row><v>NaN</v></row>
			<!-- 2018-10-17 16:24:00 CDT / 1539811440 --> <row><v>NaN</v></row>
			<!-- 2018-10-17 16:30:00 CDT / 1539811800 --> <row><v>NaN</v></row>
			<!-- 2018-10-17 16:36:00 CDT / 1539812160 --> <row><v>NaN</v></row>
			<!-- 2018-10-17 16:42:00 CDT / 1539812520 --> <row><v>NaN</v></row>
			<!-- 2018-10-17 16:48:00 CDT / 1539812880 --> <row><v>NaN</v></row>
			<!-- 2018-10-17 16:54:00 CDT / 1539813240 --> <row><v>NaN</v></row>
			<!-- 2018-10-17 17:00:00 CDT / 1539813600 --> <row><v>NaN</v></row>
			<!-- 2018-10-17 17:06:00 CDT / 1539813960 --> <row><v>NaN</v></row>
			<!-- 2018-10-17 17:12:00 CDT / 1539814320 --> <row><v>NaN</v></row>
			<!-- 2018-10-17 17:18:00 CDT / 1539814680 --> <row><v>NaN</v></row>
			<!-- 2018-10-17 17:24:00 CDT / 1539815040 --> <row><v>NaN</v></row>
			<!-- 2018-10-17 17:30:00 CDT / 1539815400 --> <row><v>NaN</v></row>
			<!-- 2018-10-17 17:36:00 CDT / 1539815760 --> <row><v>NaN</v></row>
			<!-- 2018-10-17 17:42:00 CDT / 1539816120 --> <row><v>NaN</v></row>
			<!-- 2018-10-17 17:48:00 CDT / 1539816480 --> <row><v>NaN</v></row>
			<!-- 2018-10-17 17:54:00 CDT / 1539816840 --> <row><v>NaN</v></row>
			<!-- 2018-10-17 18:00:00 CDT / 1539817200 --> <row><v>NaN</v></row>
			<!-- 2018-10-17 18:06:00 CDT / 1539817560 --> <row><v>NaN</v></row>
			<!-- 2018-10-17 18:12:00 CDT / 1539817920 --> <row><v>NaN</v></row>
			<!-- 2018-10-17 18:18:00 CDT / 1539818280 --> <row><v>NaN</v></row>
			<!-- 2018-10-17 18:24:00 CDT / 1539818640 --> <row><v>NaN</v></row>
			<!-- 2018-10-17 18:30:00 CDT / 1539819000 --> <row><v>NaN</v></row>
			<!-- 2018-10-17 18:36:00 CDT / 1539819360 --> <row><v>NaN</v></row>
			<!-- 2018-10-17 18:42:00 CDT / 1539819720 --> <row><v>NaN</v></row>
			<!-- 2018-10-17 18:48:00 CDT / 1539820080 --> <row><v>NaN</v></row>
			<!-- 2018-10-17 18:54:00 CDT / 1539820440 --> <row><v>NaN</v></row>
			<!-- 2018-10-17 19:00:00 CDT / 1539820800 --> <row><v>NaN</v></row>
			<!-- 2018-10-17 19:06:00 CDT / 1539821160 --> <row><v>NaN</v></row>
			<!-- 2018-10-17 19:12:00 CDT / 1539821520 --> <row><v>NaN</v></row>
			<!-- 2018-10-17 19:18:00 CDT / 1539821880 --> <row><v>NaN</v></row>
			<!-- 2018-10-17 19:24:00 CDT / 1539822240 --> <row><v>NaN</v></row>
			<!-- 2018-10-17 19:30:00 CDT / 1539822600 --> <row><v>NaN</v></row>
			<!-- 2018-10-17 19:36:00 CDT / 1539822960 --> <row><v>NaN</v></row>
			<!-- 2018-10-17 19:42:00 CDT / 1539823320 --> <row><v>NaN</v></row>
			<!-- 2018-10-17 19:48:00 CDT / 1539823680 --> <row><v>NaN</v></row>
			<!-- 2018-10-17 19:54:00 CDT / 1539824040 --> <row><v>NaN</v></row>
			<!-- 2018-10-17 20:00:00 CDT / 1539824400 --> <row><v>NaN</v></row>
			<!-- 2018-10-17 20:06:00 CDT / 1539824760 --> <row><v>NaN</v></row>
			<!-- 2018-10-17 20:12:00 CDT / 1539825120 --> <row><v>NaN</v></row>
			<!-- 2018-10-17 20:18:00 CDT / 1539825480 --> <row><v>NaN</v></row>
			<!-- 2018-10-17 20:24:00 CDT / 1539825840 --> <row><v>NaN</v></row>
			<!-- 2018-10-17 20:30:00 CDT / 1539826200 --> <row><v>NaN</v></row>
			<!-- 2018-10-17 20:36:00 CDT / 1539826560 --> <row><v>NaN</v></row>
			<!-- 2018-10-17 20:42:00 CDT / 1539826920 --> <row><v>NaN</v></row>
			<!-- 2018-10-17 20:48:00 CDT / 1539827280 --> <row><v>NaN</v></row>
			<!-- 2018-10-17 20:54:00 CDT / 1539827640 --> <row><v>NaN</v></row>
			<!-- 2018-10-17 21:00:00 CDT / 1539828000 --> <row><v>NaN</v></row>
			<!-- 2018-10-17 21:06:00 CDT / 1539828360 --> <row><v>NaN</v></row>
			<!-- 2018-10-17 21:12:00 CDT / 1539828720 --> <row><v>NaN</v></row>
			<!-- 2018-10-17 21:18:00 CDT / 1539829080 --> <row><v>NaN</v></row>
			<!-- 2018-10-17 21:24:00 CDT / 1539829440 --> <row><v>NaN</v></row>
			<!-- 2018-10-17 21:30:00 CDT / 1539829800 --> <row><v>NaN</v></row>
			<!-- 2018-10-17 21:36:00 CDT / 1539830160 --> <row><v>NaN</v></row>
			<!-- 2018-10-17 21:42:00 CDT / 1539830520 --> <row><v>NaN</v></row>
			<!-- 2018-10-17 21:48:00 CDT / 1539830880 --> <row><v>NaN</v></row>
			<!-- 2018-10-17 21:54:00 CDT / 1539831240 --> <row><v>NaN</v></row>
			<!-- 2018-10-17 22:00:00 CDT / 1539831600 --> <row><v>NaN</v></row>
			<!-- 2018-10-17 22:06:00 CDT / 1539831960 --> <row><v>NaN</v></row>
			<!-- 2018-10-17 22:12:00 CDT / 1539832320 --> <row><v>NaN</v></row>
			<!-- 2018-10-17 22:18:00 CDT / 1539832680 --> <row><v>NaN</v></row>
			<!-- 2018-10-17 22:24:00 CDT / 1539833040 --> <row><v>NaN</v></row>
			<!-- 2018-10-17 22:30:00 CDT / 1539833400 --> <row><v>NaN</v></row>
			<!-- 2018-10-17 22:36:00 CDT / 1539833760 --> <row><v>NaN</v></row>
			<!-- 2018-10-17 22:42:00 CDT / 1539834120 --> <row><v>NaN</v></row>
			<!-- 2018-10-17 22:48:00 CDT / 1539834480 --> <row><v>NaN</v></row>
			<!-- 2018-10-17 22:54:00 CDT / 1539834840 --> <row><v>NaN</v></row>
			<!-- 2018-10-17 23:00:00 CDT / 1539835200 --> <row><v>NaN</v></row>
			<!-- 2018-10-17 23:06:00 CDT / 1539835560 --> <row><v>NaN</v></row>
			<!-- 2018-10-17 23:12:00 CDT / 1539835920 --> <row><v>NaN</v></row>
			<!-- 2018-10-17 23:18:00 CDT / 1539836280 --> <row><v>NaN</v></row>
			<!-- 2018-10-17 23:24:00 CDT / 1539836640 --> <row><v>NaN</v></row>
			<!-- 2018-10-17 23:30:00 CDT / 1539837000 --> <row><v>NaN</v></row>
			<!-- 2018-10-17 23:36:00 CDT / 1539837360 --> <row><v>NaN</v></row>
			<!-- 2018-10-17 23:42:00 CDT / 1539837720 --> <row><v>NaN</v></row>
			<!-- 2018-10-17 23:48:00 CDT / 1539838080 --> <row><v>NaN</v></row>
			<!-- 2018-10-17 23:54:00 CDT / 1539838440 --> <row><v>NaN</v></row>
			<!-- 2018-10-18 00:00:00 CDT / 1539838800 --> <row><v>NaN</v></row>
			<!-- 2018-10-18 00:06:00 CDT / 1539839160 --> <row><v>NaN</v></row>
			<!-- 2018-10-18 00:12:00 CDT / 1539839520 --> <row><v>NaN</v></row>
			<!-- 2018-10-18 00:18:00 CDT / 1539839880 --> <row><v>NaN</v></row>
			<!-- 2018-10-18 00:24:00 CDT / 1539840240 --> <row><v>NaN</v></row>
			<!-- 2018-10-18 00:30:00 CDT / 1539840600 --> <row><v>NaN</v></row>
			<!-- 2018-10-18 00:36:00 CDT / 1539840960 --> <row><v>NaN</v></row>
			<!-- 2018-10-18 00:42:00 CDT / 1539841320 --> <row><v>NaN</v></row>
			<!-- 2018-10-18 00:48:00 CDT / 1539841680 --> <row><v>NaN</v></row>
			<!-- 2018-10-18 00:54:00 CDT / 1539842040 --> <row><v>NaN</v></row>
			<!-- 2018-10-18 01:00:00 CDT / 1539842400 --> <row><v>NaN</v></row>
			<!-- 2018-10-18 01:06:00 CDT / 1539842760 --> <row><v>NaN</v></row>
			<!-- 2018-10-18 01:12:00 CDT / 1539843120 --> <row><v>NaN</v></row>
			<!-- 2018-10-18 01:18:00 CDT / 1539843480 --> <row><v>NaN</v></row>
			<!-- 2018-10-18 01:24:00 CDT / 1539843840 --> <row><v>NaN</v></row>
			<!-- 2018-10-18 01:30:00 CDT / 1539844200 --> <row><v>NaN</v></row>
			<!-- 2018-10-18 01:36:00 CDT / 1539844560 --> <row><v>NaN</v></row>
			<!-- 2018-10-18 01:42:00 CDT / 1539844920 --> <row><v>NaN</v></row>
			<!-- 2018-10-18 01:48:00 CDT / 1539845280 --> <row><v>NaN</v></row>
			<!-- 2018-10-18 01:54:00 CDT / 1539845640 --> <row><v>NaN</v></row>
			<!-- 2018-10-18 02:00:00 CDT / 1539846000 --> <row><v>NaN</v></row>
			<!-- 2018-10-18 02:06:00 CDT / 1539846360 --> <row><v>NaN</v></row>
			<!-- 2018-10-18 02:12:00 CDT / 1539846720 --> <row><v>NaN</v></row>
			<!-- 2018-10-18 02:18:00 CDT / 1539847080 --> <row><v>NaN</v></row>
			<!-- 2018-10-18 02:24:00 CDT / 1539847440 --> <row><v>NaN</v></row>
			<!-- 2018-10-18 02:30:00 CDT / 1539847800 --> <row><v>NaN</v></row>
			<!-- 2018-10-18 02:36:00 CDT / 1539848160 --> <row><v>NaN</v></row>
			<!-- 2018-10-18 02:42:00 CDT / 1539848520 --> <row><v>NaN</v></row>
			<!-- 2018-10-18 02:48:00 CDT / 1539848880 --> <row><v>NaN</v></row>
			<!-- 2018-10-18 02:54:00 CDT / 1539849240 --> <row><v>NaN</v></row>
			<!-- 2018-10-18 03:00:00 CDT / 1539849600 --> <row><v>NaN</v></row>
			<!-- 2018-10-18 03:06:00 CDT / 1539849960 --> <row><v>NaN</v></row>
			<!-- 2018-10-18 03:12:00 CDT / 1539850320 --> <row><v>NaN</v></row>
			<!-- 2018-10-18 03:18:00 CDT / 1539850680 --> <row><v>NaN</v></row>
			<!-- 2018-10-18 03:24:00 CDT / 1539851040 --> <row><v>NaN</v></row>
			<!-- 2018-10-18 03:30:00 CDT / 1539851400 --> <row><v>NaN</v></row>
			<!-- 2018-10-18 03:36:00 CDT / 1539851760 --> <row><v>NaN</v></row>
			<!-- 2018-10-18 03:42:00 CDT / 1539852120 --> <row><v>NaN</v></row>
			<!-- 2018-10-18 03:48:00 CDT / 1539852480 --> <row><v>NaN</v></row>
			<!-- 2018-10-18 03:54:00 CDT / 1539852840 --> <row><v>NaN</v></row>
			<!-- 2018-10-18 04:00:00 CDT / 1539853200 --> <row><v>NaN</v></row>
			<!-- 2018-10-18 04:06:00 CDT / 1539853560 --> <row><v>NaN</v></row>
			<!-- 2018-10-18 04:12:00 CDT / 1539853920 --> <row><v>NaN</v></row>
			<!-- 2018-10-18 04:18:00 CDT / 1539854280 --> <row><v>NaN</v></row>
			<!-- 2018-10-18 04:24:00 CDT / 1539854640 --> <row><v>NaN</v></row>
			<!-- 2018-10-18 04:30:00 CDT / 1539855000 --> <row><v>NaN</v></row>
			<!-- 2018-10-18 04:36:00 CDT / 1539855360 --> <row><v>NaN</v></row>
			<!-- 2018-10-18 04:42:00 CDT / 1539855720 --> <row><v>NaN</v></row>
			<!-- 2018-10-18 04:48:00 CDT / 1539856080 --> <row><v>NaN</v></row>
			<!-- 2018-10-18 04:54:00 CDT / 1539856440 --> <row><v>NaN</v></row>
			<!-- 2018-10-18 05:00:00 CDT / 1539856800 --> <row><v>NaN</v></row>
			<!-- 2018-10-18 05:06:00 CDT / 1539857160 --> <row><v>NaN</v></row>
			<!-- 2018-10-18 05:12:00 CDT / 1539857520 --> <row><v>NaN</v></row>
			<!-- 2018-10-18 05:18:00 CDT / 1539857880 --> <row><v>NaN</v></row>
			<!-- 2018-10-18 05:24:00 CDT / 1539858240 --> <row><v>NaN</v></row>
			<!-- 2018-10-18 05:30:00 CDT / 1539858600 --> <row><v>NaN</v></row>
			<!-- 2018-10-18 05:36:00 CDT / 1539858960 --> <row><v>NaN</v></row>
			<!-- 2018-10-18 05:42:00 CDT / 1539859320 --> <row><v>NaN</v></row>
			<!-- 2018-10-18 05:48:00 CDT / 1539859680 --> <row><v>NaN</v></row>
			<!-- 2018-10-18 05:54:00 CDT / 1539860040 --> <row><v>NaN</v></row>
			<!-- 2018-10-18 06:00:00 CDT / 1539860400 --> <row><v>NaN</v></row>
			<!-- 2018-10-18 06:06:00 CDT / 1539860760 --> <row><v>NaN</v></row>
			<!-- 2018-10-18 06:12:00 CDT / 1539861120 --> <row><v>NaN</v></row>
			<!-- 2018-10-18 06:18:00 CDT / 1539861480 --> <row><v>NaN</v></row>
			<!-- 2018-10-18 06:24:00 CDT / 1539861840 --> <row><v>NaN</v></row>
			<!-- 2018-10-18 06:30:00 CDT / 1539862200 --> <row><v>NaN</v></row>
			<!-- 2018-10-18 06:36:00 CDT / 1539862560 --> <row><v>NaN</v></row>
			<!-- 2018-10-18 06:42:00 CDT / 1539862920 --> <row><v>NaN</v></row>
			<!-- 2018-10-18 06:48:00 CDT / 1539863280 --> <row><v>NaN</v></row>
			<!-- 2018-10-18 06:54:00 CDT / 1539863640 --> <row><v>NaN</v></row>
			<!-- 2018-10-18 07:00:00 CDT / 1539864000 --> <row><v>NaN</v></row>
			<!-- 2018-10-18 07:06:00 CDT / 1539864360 --> <row><v>NaN</v></row>
			<!-- 2018-10-18 07:12:00 CDT / 1539864720 --> <row><v>NaN</v></row>
			<!-- 2018-10-18 07:18:00 CDT / 1539865080 --> <row><v>NaN</v></row>
			<!-- 2018-10-18 07:24:00 CDT / 1539865440 --> <row><v>NaN</v></row>
			<!-- 2018-10-18 07:30:00 CDT / 1539865800 --> <row><v>NaN</v></row>
			<!-- 2018-10-18 07:36:00 CDT / 1539866160 --> <row><v>NaN</v></row>
			<!-- 2018-10-18 07:42:00 CDT / 1539866520 --> <row><v>NaN</v></row>
			<!-- 2018-10-18 07:48:00 CDT / 1539866880 --> <row><v>NaN</v></row>
			<!-- 2018-10-18 07:54:00 CDT / 1539867240 --> <row><v>NaN</v></row>
			<!-- 2018-10-18 08:00:00 CDT / 1539867600 --> <row><v>NaN</v></row>
			<!-- 2018-10-18 08:06:00 CDT / 1539867960 --> <row><v>NaN</v></row>
			<!-- 2018-10-18 08:12:00 CDT / 1539868320 --> <row><v>NaN</v></row>
			<!-- 2018-10-18 08:18:00 CDT / 1539868680 --> <row><v>NaN</v></row>
			<!-- 2018-10-18 08:24:00 CDT / 1539869040 --> <row><v>NaN</v></row>
			<!-- 2018-10-18 08:30:00 CDT / 1539869400 --> <row><v>NaN</v></row>
			<!-- 2018-10-18 08:36:00 CDT / 1539869760 --> <row><v>NaN</v></row>
			<!-- 2018-10-18 08:42:00 CDT / 1539870120 --> <row><v>NaN</v></row>
			<!-- 2018-10-18 08:48:00 CDT / 1539870480 --> <row><v>NaN</v></row>
			<!-- 2018-10-18 08:54:00 CDT / 1539870840 --> <row><v>NaN</v></row>
			<!-- 2018-10-18 09:00:00 CDT / 1539871200 --> <row><v>NaN</v></row>
			<!-- 2018-10-18 09:06:00 CDT / 1539871560 --> <row><v>NaN</v></row>
			<!-- 2018-10-18 09:12:00 CDT / 1539871920 --> <row><v>NaN</v></row>
			<!-- 2018-10-18 09:18:00 CDT / 1539872280 --> <row><v>NaN</v></row>
			<!-- 2018-10-18 09:24:00 CDT / 1539872640 --> <row><v>NaN</v></row>
			<!-- 2018-10-18 09:30:00 CDT / 1539873000 --> <row><v>NaN</v></row>
			<!-- 2018-10-18 09:36:00 CDT / 1539873360 --> <row><v>NaN</v></row>
			<!-- 2018-10-18 09:42:00 CDT / 1539873720 --> <row><v>NaN</v></row>
			<!-- 2018-10-18 09:48:00 CDT / 1539874080 --> <row><v>NaN</v></row>
			<!-- 2018-10-18 09:54:00 CDT / 1539874440 --> <row><v>NaN</v></row>
			<!-- 2018-10-18 10:00:00 CDT / 1539874800 --> <row><v>NaN</v></row>
			<!-- 2018-10-18 10:06:00 CDT / 1539875160 --> <row><v>NaN</v></row>
			<!-- 2018-10-18 10:12:00 CDT / 1539875520 --> <row><v>NaN</v></row>
			<!-- 2018-10-18 10:18:00 CDT / 1539875880 --> <row><v>NaN</v></row>
			<!-- 2018-10-18 10:24:00 CDT / 1539876240 --> <row><v>NaN</v></row>
			<!-- 2018-10-18 10:30:00 CDT / 1539876600 --> <row><v>NaN</v></row>
			<!-- 2018-10-18 10:36:00 CDT / 1539876960 --> <row><v>NaN</v></row>
			<!-- 2018-10-18 10:42:00 CDT / 1539877320 --> <row><v>NaN</v></row>
			<!-- 2018-10-18 10:48:00 CDT / 1539877680 --> <row><v>NaN</v></row>
			<!-- 2018-10-18 10:54:00 CDT / 1539878040 --> <row><v>NaN</v></row>
			<!-- 2018-10-18 11:00:00 CDT / 1539878400 --> <row><v>NaN</v></row>
			<!-- 2018-10-18 11:06:00 CDT / 1539878760 --> <row><v>NaN</v></row>
			<!-- 2018-10-18 11:12:00 CDT / 1539879120 --> <row><v>NaN</v></row>
			<!-- 2018-10-18 11:18:00 CDT / 1539879480 --> <row><v>NaN</v></row>
			<!-- 2018-10-18 11:24:00 CDT / 1539879840 --> <row><v>NaN</v></row>
			<!-- 2018-10-18 11:30:00 CDT / 1539880200 --> <row><v>NaN</v></row>
			<!-- 2018-10-18 11:36:00 CDT / 1539880560 --> <row><v>NaN</v></row>
			<!-- 2018-10-18 11:42:00 CDT / 1539880920 --> <row><v>NaN</v></row>
			<!-- 2018-10-18 11:48:00 CDT / 1539881280 --> <row><v>NaN</v></row>
			<!-- 2018-10-18 11:54:00 CDT / 1539881640 --> <row><v>NaN</v></row>
			<!-- 2018-10-18 12:00:00 CDT / 1539882000 --> <row><v>NaN</v></row>
			<!-- 2018-10-18 12:06:00 CDT / 1539882360 --> <row><v>NaN</v></row>
			<!-- 2018-10-18 12:12:00 CDT / 1539882720 --> <row><v>NaN</v></row>
			<!-- 2018-10-18 12:18:00 CDT / 1539883080 --> <row><v>NaN</v></row>
			<!-- 2018-10-18 12:24:00 CDT / 1539883440 --> <row><v>NaN</v></row>
			<!-- 2018-10-18 12:30:00 CDT / 1539883800 --> <row><v>NaN</v></row>
			<!-- 2018-10-18 12:36:00 CDT / 1539884160 --> <row><v>NaN</v></row>
			<!-- 2018-10-18 12:42:00 CDT / 1539884520 --> <row><v>NaN</v></row>
			<!-- 2018-10-18 12:48:00 CDT / 1539884880 --> <row><v>NaN</v></row>
			<!-- 2018-10-18 12:54:00 CDT / 1539885240 --> <row><v>NaN</v></row>
			<!-- 2018-10-18 13:00:00 CDT / 1539885600 --> <row><v>NaN</v></row>
			<!-- 2018-10-18 13:06:00 CDT / 1539885960 --> <row><v>NaN</v></row>
			<!-- 2018-10-18 13:12:00 CDT / 1539886320 --> <row><v>NaN</v></row>
			<!-- 2018-10-18 13:18:00 CDT / 1539886680 --> <row><v>NaN</v></row>
			<!-- 2018-10-18 13:24:00 CDT / 1539887040 --> <row><v>NaN</v></row>
			<!-- 2018-10-18 13:30:00 CDT / 1539887400 --> <row><v>NaN</v></row>
			<!-- 2018-10-18 13:36:00 CDT / 1539887760 --> <row><v>NaN</v></row>
			<!-- 2018-10-18 13:42:00 CDT / 1539888120 --> <row><v>NaN</v></row>
			<!-- 2018-10-18 13:48:00 CDT / 1539888480 --> <row><v>NaN</v></row>
			<!-- 2018-10-18 13:54:00 CDT / 1539888840 --> <row><v>NaN</v></row>
			<!-- 2018-10-18 14:00:00 CDT / 1539889200 --> <row><v>NaN</v></row>
			<!-- 2018-10-18 14:06:00 CDT / 1539889560 --> <row><v>NaN</v></row>
			<!-- 2018-10-18 14:12:00 CDT / 1539889920 --> <row><v>NaN</v></row>
			<!-- 2018-10-18 14:18:00 CDT / 1539890280 --> <row><v>NaN</v></row>
			<!-- 2018-10-18 14:24:00 CDT / 1539890640 --> <row><v>NaN</v></row>
			<!-- 2018-10-18 14:30:00 CDT / 1539891000 --> <row><v>NaN</v></row>
			<!-- 2018-10-18 14:36:00 CDT / 1539891360 --> <row><v>NaN</v></row>
			<!-- 2018-10-18 14:42:00 CDT / 1539891720 --> <row><v>NaN</v></row>
			<!-- 2018-10-18 14:48:00 CDT / 1539892080 --> <row><v>NaN</v></row>
			<!-- 2018-10-18 14:54:00 CDT / 1539892440 --> <row><v>NaN</v></row>
			<!-- 2018-10-18 15:00:00 CDT / 1539892800 --> <row><v>NaN</v></row>
			<!-- 2018-10-18 15:06:00 CDT / 1539893160 --> <row><v>NaN</v></row>
			<!-- 2018-10-18 15:12:00 CDT / 1539893520 --> <row><v>NaN</v></row>
			<!-- 2018-10-18 15:18:00 CDT / 1539893880 --> <row><v>NaN</v></row>
			<!-- 2018-10-18 15:24:00 CDT / 1539894240 --> <row><v>NaN</v></row>
			<!-- 2018-10-18 15:30:00 CDT / 1539894600 --> <row><v>NaN</v></row>
			<!-- 2018-10-18 15:36:00 CDT / 1539894960 --> <row><v>NaN</v></row>
			<!-- 2018-10-18 15:42:00 CDT / 1539895320 --> <row><v>NaN</v></row>
			<!-- 2018-10-18 15:48:00 CDT / 1539895680 --> <row><v>NaN</v></row>
			<!-- 2018-10-18 15:54:00 CDT / 1539896040 --> <row><v>NaN</v></row>
			<!-- 2018-10-18 16:00:00 CDT / 1539896400 --> <row><v>NaN</v></row>
			<!-- 2018-10-18 16:06:00 CDT / 1539896760 --> <row><v>NaN</v></row>
			<!-- 2018-10-18 16:12:00 CDT / 1539897120 --> <row><v>NaN</v></row>
			<!-- 2018-10-18 16:18:00 CDT / 1539897480 --> <row><v>NaN</v></row>
			<!-- 2018-10-18 16:24:00 CDT / 1539897840 --> <row><v>NaN</v></row>
			<!-- 2018-10-18 16:30:00 CDT / 1539898200 --> <row><v>NaN</v></row>
			<!-- 2018-10-18 16:36:00 CDT / 1539898560 --> <row><v>NaN</v></row>
			<!-- 2018-10-18 16:42:00 CDT / 1539898920 --> <row><v>NaN</v></row>
			<!-- 2018-10-18 16:48:00 CDT / 1539899280 --> <row><v>NaN</v></row>
			<!-- 2018-10-18 16:54:00 CDT / 1539899640 --> <row><v>NaN</v></row>
			<!-- 2018-10-18 17:00:00 CDT / 1539900000 --> <row><v>NaN</v></row>
			<!-- 2018-10-18 17:06:00 CDT / 1539900360 --> <row><v>NaN</v></row>
			<!-- 2018-10-18 17:12:00 CDT / 1539900720 --> <row><v>NaN</v></row>
			<!-- 2018-10-18 17:18:00 CDT / 1539901080 --> <row><v>NaN</v></row>
			<!-- 2018-10-18 17:24:00 CDT / 1539901440 --> <row><v>NaN</v></row>
			<!-- 2018-10-18 17:30:00 CDT / 1539901800 --> <row><v>NaN</v></row>
			<!-- 2018-10-18 17:36:00 CDT / 1539902160 --> <row><v>NaN</v></row>
			<!-- 2018-10-18 17:42:00 CDT / 1539902520 --> <row><v>NaN</v></row>
			<!-- 2018-10-18 17:48:00 CDT / 1539902880 --> <row><v>NaN</v></row>
			<!-- 2018-10-18 17:54:00 CDT / 1539903240 --> <row><v>NaN</v></row>
			<!-- 2018-10-18 18:00:00 CDT / 1539903600 --> <row><v>NaN</v></row>
			<!-- 2018-10-18 18:06:00 CDT / 1539903960 --> <row><v>NaN</v></row>
			<!-- 2018-10-18 18:12:00 CDT / 1539904320 --> <row><v>NaN</v></row>
			<!-- 2018-10-18 18:18:00 CDT / 1539904680 --> <row><v>NaN</v></row>
			<!-- 2018-10-18 18:24:00 CDT / 1539905040 --> <row><v>NaN</v></row>
			<!-- 2018-10-18 18:30:00 CDT / 1539905400 --> <row><v>NaN</v></row>
			<!-- 2018-10-18 18:36:00 CDT / 1539905760 --> <row><v>NaN</v></row>
			<!-- 2018-10-18 18:42:00 CDT / 1539906120 --> <row><v>NaN</v></row>
			<!-- 2018-10-18 18:48:00 CDT / 1539906480 --> <row><v>NaN</v></row>
			<!-- 2018-10-18 18:54:00 CDT / 1539906840 --> <row><v>NaN</v></row>
			<!-- 2018-10-18 19:00:00 CDT / 1539907200 --> <row><v>NaN</v></row>
			<!-- 2018-10-18 19:06:00 CDT / 1539907560 --> <row><v>NaN</v></row>
			<!-- 2018-10-18 19:12:00 CDT / 1539907920 --> <row><v>NaN</v></row>
			<!-- 2018-10-18 19:18:00 CDT / 1539908280 --> <row><v>NaN</v></row>
			<!-- 2018-10-18 19:24:00 CDT / 1539908640 --> <row><v>NaN</v></row>
			<!-- 2018-10-18 19:30:00 CDT / 1539909000 --> <row><v>NaN</v></row>
			<!-- 2018-10-18 19:36:00 CDT / 1539909360 --> <row><v>NaN</v></row>
			<!-- 2018-10-18 19:42:00 CDT / 1539909720 --> <row><v>NaN</v></row>
			<!-- 2018-10-18 19:48:00 CDT / 1539910080 --> <row><v>NaN</v></row>
			<!-- 2018-10-18 19:54:00 CDT / 1539910440 --> <row><v>NaN</v></row>
			<!-- 2018-10-18 20:00:00 CDT / 1539910800 --> <row><v>NaN</v></row>
			<!-- 2018-10-18 20:06:00 CDT / 1539911160 --> <row><v>NaN</v></row>
			<!-- 2018-10-18 20:12:00 CDT / 1539911520 --> <row><v>NaN</v></row>
			<!-- 2018-10-18 20:18:00 CDT / 1539911880 --> <row><v>NaN</v></row>
			<!-- 2018-10-18 20:24:00 CDT / 1539912240 --> <row><v>NaN</v></row>
			<!-- 2018-10-18 20:30:00 CDT / 1539912600 --> <row><v>NaN</v></row>
			<!-- 2018-10-18 20:36:00 CDT / 1539912960 --> <row><v>NaN</v></row>
			<!-- 2018-10-18 20:42:00 CDT / 1539913320 --> <row><v>NaN</v></row>
			<!-- 2018-10-18 20:48:00 CDT / 1539913680 --> <row><v>NaN</v></row>
			<!-- 2018-10-18 20:54:00 CDT / 1539914040 --> <row><v>NaN</v></row>
			<!-- 2018-10-18 21:00:00 CDT / 1539914400 --> <row><v>NaN</v></row>
			<!-- 2018-10-18 21:06:00 CDT / 1539914760 --> <row><v>NaN</v></row>
			<!-- 2018-10-18 21:12:00 CDT / 1539915120 --> <row><v>NaN</v></row>
			<!-- 2018-10-18 21:18:00 CDT / 1539915480 --> <row><v>NaN</v></row>
			<!-- 2018-10-18 21:24:00 CDT / 1539915840 --> <row><v>NaN</v></row>
			<!-- 2018-10-18 21:30:00 CDT / 1539916200 --> <row><v>NaN</v></row>
			<!-- 2018-10-18 21:36:00 CDT / 1539916560 --> <row><v>NaN</v></row>
			<!-- 2018-10-18 21:42:00 CDT / 1539916920 --> <row><v>NaN</v></row>
			<!-- 2018-10-18 21:48:00 CDT / 1539917280 --> <row><v>NaN</v></row>
			<!-- 2018-10-18 21:54:00 CDT / 1539917640 --> <row><v>NaN</v></row>
			<!-- 2018-10-18 22:00:00 CDT / 1539918000 --> <row><v>NaN</v></row>
			<!-- 2018-10-18 22:06:00 CDT / 1539918360 --> <row><v>NaN</v></row>
			<!-- 2018-10-18 22:12:00 CDT / 1539918720 --> <row><v>NaN</v></row>
			<!-- 2018-10-18 22:18:00 CDT / 1539919080 --> <row><v>NaN</v></row>
			<!-- 2018-10-18 22:24:00 CDT / 1539919440 --> <row><v>NaN</v></row>
			<!-- 2018-10-18 22:30:00 CDT / 1539919800 --> <row><v>NaN</v></row>
			<!-- 2018-10-18 22:36:00 CDT / 1539920160 --> <row><v>NaN</v></row>
			<!-- 2018-10-18 22:42:00 CDT / 1539920520 --> <row><v>NaN</v></row>
			<!-- 2018-10-18 22:48:00 CDT / 1539920880 --> <row><v>NaN</v></row>
			<!-- 2018-10-18 22:54:00 CDT / 1539921240 --> <row><v>NaN</v></row>
			<!-- 2018-10-18 23:00:00 CDT / 1539921600 --> <row><v>NaN</v></row>
			<!-- 2018-10-18 23:06:00 CDT / 1539921960 --> <row><v>NaN</v></row>
			<!-- 2018-10-18 23:12:00 CDT / 1539922320 --> <row><v>NaN</v></row>
			<!-- 2018-10-18 23:18:00 CDT / 1539922680 --> <row><v>NaN</v></row>
			<!-- 2018-10-18 23:24:00 CDT / 1539923040 --> <row><v>NaN</v></row>
			<!-- 2018-10-18 23:30:00 CDT / 1539923400 --> <row><v>NaN</v></row>
			<!-- 2018-10-18 23:36:00 CDT / 1539923760 --> <row><v>NaN</v></row>
			<!-- 2018-10-18 23:42:00 CDT / 1539924120 --> <row><v>NaN</v></row>
			<!-- 2018-10-18 23:48:00 CDT / 1539924480 --> <row><v>NaN</v></row>
			<!-- 2018-10-18 23:54:00 CDT / 1539924840 --> <row><v>NaN</v></row>
			<!-- 2018-10-19 00:00:00 CDT / 1539925200 --> <row><v>NaN</v></row>
			<!-- 2018-10-19 00:06:00 CDT / 1539925560 --> <row><v>NaN</v></row>
			<!-- 2018-10-19 00:12:00 CDT / 1539925920 --> <row><v>NaN</v></row>
			<!-- 2018-10-19 00:18:00 CDT / 1539926280 --> <row><v>NaN</v></row>
			<!-- 2018-10-19 00:24:00 CDT / 1539926640 --> <row><v>NaN</v></row>
			<!-- 2018-10-19 00:30:00 CDT / 1539927000 --> <row><v>NaN</v></row>
			<!-- 2018-10-19 00:36:00 CDT / 1539927360 --> <row><v>NaN</v></row>
			<!-- 2018-10-19 00:42:00 CDT / 1539927720 --> <row><v>NaN</v></row>
			<!-- 2018-10-19 00:48:00 CDT / 1539928080 --> <row><v>NaN</v></row>
			<!-- 2018-10-19 00:54:00 CDT / 1539928440 --> <row><v>NaN</v></row>
			<!-- 2018-10-19 01:00:00 CDT / 1539928800 --> <row><v>NaN</v></row>
			<!-- 2018-10-19 01:06:00 CDT / 1539929160 --> <row><v>NaN</v></row>
			<!-- 2018-10-19 01:12:00 CDT / 1539929520 --> <row><v>NaN</v></row>
			<!-- 2018-10-19 01:18:00 CDT / 1539929880 --> <row><v>NaN</v></row>
			<!-- 2018-10-19 01:24:00 CDT / 1539930240 --> <row><v>NaN</v></row>
			<!-- 2018-10-19 01:30:00 CDT / 1539930600 --> <row><v>NaN</v></row>
			<!-- 2018-10-19 01:36:00 CDT / 1539930960 --> <row><v>NaN</v></row>
			<!-- 2018-10-19 01:42:00 CDT / 1539931320 --> <row><v>NaN</v></row>
			<!-- 2018-10-19 01:48:00 CDT / 1539931680 --> <row><v>NaN</v></row>
			<!-- 2018-10-19 01:54:00 CDT / 1539932040 --> <row><v>NaN</v></row>
			<!-- 2018-10-19 02:00:00 CDT / 1539932400 --> <row><v>NaN</v></row>
			<!-- 2018-10-19 02:06:00 CDT / 1539932760 --> <row><v>NaN</v></row>
			<!-- 2018-10-19 02:12:00 CDT / 1539933120 --> <row><v>NaN</v></row>
			<!-- 2018-10-19 02:18:00 CDT / 1539933480 --> <row><v>NaN</v></row>
			<!-- 2018-10-19 02:24:00 CDT / 1539933840 --> <row><v>NaN</v></row>
			<!-- 2018-10-19 02:30:00 CDT / 1539934200 --> <row><v>NaN</v></row>
			<!-- 2018-10-19 02:36:00 CDT / 1539934560 --> <row><v>NaN</v></row>
			<!-- 2018-10-19 02:42:00 CDT / 1539934920 --> <row><v>NaN</v></row>
			<!-- 2018-10-19 02:48:00 CDT / 1539935280 --> <row><v>NaN</v></row>
			<!-- 2018-10-19 02:54:00 CDT / 1539935640 --> <row><v>NaN</v></row>
			<!-- 2018-10-19 03:00:00 CDT / 1539936000 --> <row><v>NaN</v></row>
			<!-- 2018-10-19 03:06:00 CDT / 1539936360 --> <row><v>NaN</v></row>
			<!-- 2018-10-19 03:12:00 CDT / 1539936720 --> <row><v>NaN</v></row>
			<!-- 2018-10-19 03:18:00 CDT / 1539937080 --> <row><v>NaN</v></row>
			<!-- 2018-10-19 03:24:00 CDT / 1539937440 --> <row><v>NaN</v></row>
			<!-- 2018-10-19 03:30:00 CDT / 1539937800 --> <row><v>NaN</v></row>
			<!-- 2018-10-19 03:36:00 CDT / 1539938160 --> <row><v>NaN</v></row>
			<!-- 2018-10-19 03:42:00 CDT / 1539938520 --> <row><v>NaN</v></row>
			<!-- 2018-10-19 03:48:00 CDT / 1539938880 --> <row><v>NaN</v></row>
			<!-- 2018-10-19 03:54:00 CDT / 1539939240 --> <row><v>NaN</v></row>
			<!-- 2018-10-19 04:00:00 CDT / 1539939600 --> <row><v>NaN</v></row>
			<!-- 2018-10-19 04:06:00 CDT / 1539939960 --> <row><v>NaN</v></row>
			<!-- 2018-10-19 04:12:00 CDT / 1539940320 --> <row><v>NaN</v></row>
			<!-- 2018-10-19 04:18:00 CDT / 1539940680 --> <row><v>NaN</v></row>
			<!-- 2018-10-19 04:24:00 CDT / 1539941040 --> <row><v>NaN</v></row>
			<!-- 2018-10-19 04:30:00 CDT / 1539941400 --> <row><v>NaN</v></row>
			<!-- 2018-10-19 04:36:00 CDT / 1539941760 --> <row><v>NaN</v></row>
			<!-- 2018-10-19 04:42:00 CDT / 1539942120 --> <row><v>NaN</v></row>
			<!-- 2018-10-19 04:48:00 CDT / 1539942480 --> <row><v>NaN</v></row>
			<!-- 2018-10-19 04:54:00 CDT / 1539942840 --> <row><v>NaN</v></row>
			<!-- 2018-10-19 05:00:00 CDT / 1539943200 --> <row><v>NaN</v></row>
			<!-- 2018-10-19 05:06:00 CDT / 1539943560 --> <row><v>NaN</v></row>
			<!-- 2018-10-19 05:12:00 CDT / 1539943920 --> <row><v>NaN</v></row>
			<!-- 2018-10-19 05:18:00 CDT / 1539944280 --> <row><v>NaN</v></row>
			<!-- 2018-10-19 05:24:00 CDT / 1539944640 --> <row><v>NaN</v></row>
			<!-- 2018-10-19 05:30:00 CDT / 1539945000 --> <row><v>NaN</v></row>
			<!-- 2018-10-19 05:36:00 CDT / 1539945360 --> <row><v>NaN</v></row>
			<!-- 2018-10-19 05:42:00 CDT / 1539945720 --> <row><v>NaN</v></row>
			<!-- 2018-10-19 05:48:00 CDT / 1539946080 --> <row><v>NaN</v></row>
			<!-- 2018-10-19 05:54:00 CDT / 1539946440 --> <row><v>NaN</v></row>
			<!-- 2018-10-19 06:00:00 CDT / 1539946800 --> <row><v>NaN</v></row>
			<!-- 2018-10-19 06:06:00 CDT / 1539947160 --> <row><v>NaN</v></row>
			<!-- 2018-10-19 06:12:00 CDT / 1539947520 --> <row><v>NaN</v></row>
			<!-- 2018-10-19 06:18:00 CDT / 1539947880 --> <row><v>NaN</v></row>
			<!-- 2018-10-19 06:24:00 CDT / 1539948240 --> <row><v>NaN</v></row>
			<!-- 2018-10-19 06:30:00 CDT / 1539948600 --> <row><v>NaN</v></row>
			<!-- 2018-10-19 06:36:00 CDT / 1539948960 --> <row><v>NaN</v></row>
			<!-- 2018-10-19 06:42:00 CDT / 1539949320 --> <row><v>NaN</v></row>
			<!-- 2018-10-19 06:48:00 CDT / 1539949680 --> <row><v>NaN</v></row>
			<!-- 2018-10-19 06:54:00 CDT / 1539950040 --> <row><v>NaN</v></row>
			<!-- 2018-10-19 07:00:00 CDT / 1539950400 --> <row><v>NaN</v></row>
			<!-- 2018-10-19 07:06:00 CDT / 1539950760 --> <row><v>NaN</v></row>
			<!-- 2018-10-19 07:12:00 CDT / 1539951120 --> <row><v>NaN</v></row>
			<!-- 2018-10-19 07:18:00 CDT / 1539951480 --> <row><v>NaN</v></row>
			<!-- 2018-10-19 07:24:00 CDT / 1539951840 --> <row><v>NaN</v></row>
			<!-- 2018-10-19 07:30:00 CDT / 1539952200 --> <row><v>NaN</v></row>
			<!-- 2018-10-19 07:36:00 CDT / 1539952560 --> <row><v>NaN</v></row>
			<!-- 2018-10-19 07:42:00 CDT / 1539952920 --> <row><v>NaN</v></row>
			<!-- 2018-10-19 07:48:00 CDT / 1539953280 --> <row><v>NaN</v></row>
			<!-- 2018-10-19 07:54:00 CDT / 1539953640 --> <row><v>NaN</v></row>
			<!-- 2018-10-19 08:00:00 CDT / 1539954000 --> <row><v>NaN</v></row>
			<!-- 2018-10-19 08:06:00 CDT / 1539954360 --> <row><v>NaN</v></row>
			<!-- 2018-10-19 08:12:00 CDT / 1539954720 --> <row><v>NaN</v></row>
			<!-- 2018-10-19 08:18:00 CDT / 1539955080 --> <row><v>NaN</v></row>
			<!-- 2018-10-19 08:24:00 CDT / 1539955440 --> <row><v>NaN</v></row>
			<!-- 2018-10-19 08:30:00 CDT / 1539955800 --> <row><v>NaN</v></row>
			<!-- 2018-10-19 08:36:00 CDT / 1539956160 --> <row><v>NaN</v></row>
			<!-- 2018-10-19 08:42:00 CDT / 1539956520 --> <row><v>NaN</v></row>
			<!-- 2018-10-19 08:48:00 CDT / 1539956880 --> <row><v>NaN</v></row>
			<!-- 2018-10-19 08:54:00 CDT / 1539957240 --> <row><v>NaN</v></row>
			<!-- 2018-10-19 09:00:00 CDT / 1539957600 --> <row><v>NaN</v></row>
			<!-- 2018-10-19 09:06:00 CDT / 1539957960 --> <row><v>NaN</v></row>
			<!-- 2018-10-19 09:12:00 CDT / 1539958320 --> <row><v>NaN</v></row>
			<!-- 2018-10-19 09:18:00 CDT / 1539958680 --> <row><v>NaN</v></row>
			<!-- 2018-10-19 09:24:00 CDT / 1539959040 --> <row><v>NaN</v></row>
			<!-- 2018-10-19 09:30:00 CDT / 1539959400 --> <row><v>NaN</v></row>
			<!-- 2018-10-19 09:36:00 CDT / 1539959760 --> <row><v>NaN</v></row>
			<!-- 2018-10-19 09:42:00 CDT / 1539960120 --> <row><v>NaN</v></row>
			<!-- 2018-10-19 09:48:00 CDT / 1539960480 --> <row><v>NaN</v></row>
			<!-- 2018-10-19 09:54:00 CDT / 1539960840 --> <row><v>NaN</v></row>
			<!-- 2018-10-19 10:00:00 CDT / 1539961200 --> <row><v>NaN</v></row>
			<!-- 2018-10-19 10:06:00 CDT / 1539961560 --> <row><v>NaN</v></row>
			<!-- 2018-10-19 10:12:00 CDT / 1539961920 --> <row><v>NaN</v></row>
			<!-- 2018-10-19 10:18:00 CDT / 1539962280 --> <row><v>NaN</v></row>
			<!-- 2018-10-19 10:24:00 CDT / 1539962640 --> <row><v>NaN</v></row>
			<!-- 2018-10-19 10:30:00 CDT / 1539963000 --> <row><v>NaN</v></row>
			<!-- 2018-10-19 10:36:00 CDT / 1539963360 --> <row><v>NaN</v></row>
			<!-- 2018-10-19 10:42:00 CDT / 1539963720 --> <row><v>NaN</v></row>
			<!-- 2018-10-19 10:48:00 CDT / 1539964080 --> <row><v>NaN</v></row>
			<!-- 2018-10-19 10:54:00 CDT / 1539964440 --> <row><v>NaN</v></row>
			<!-- 2018-10-19 11:00:00 CDT / 1539964800 --> <row><v>NaN</v></row>
			<!-- 2018-10-19 11:06:00 CDT / 1539965160 --> <row><v>NaN</v></row>
			<!-- 2018-10-19 11:12:00 CDT / 1539965520 --> <row><v>NaN</v></row>
			<!-- 2018-10-19 11:18:00 CDT / 1539965880 --> <row><v>NaN</v></row>
			<!-- 2018-10-19 11:24:00 CDT / 1539966240 --> <row><v>NaN</v></row>
			<!-- 2018-10-19 11:30:00 CDT / 1539966600 --> <row><v>3.9191741028e+01</v></row>
			<!-- 2018-10-19 11:36:00 CDT / 1539966960 --> <row><v>3.9971517986e+01</v></row>
			<!-- 2018-10-19 11:42:00 CDT / 1539967320 --> <row><v>3.9322199203e+01</v></row>
			<!-- 2018-10-19 11:48:00 CDT / 1539967680 --> <row><v>4.9401362589e+01</v></row>
			<!-- 2018-10-19 11:54:00 CDT / 1539968040 --> <row><v>4.0776136567e+01</v></row>
			<!-- 2018-10-19 12:00:00 CDT / 1539968400 --> <row><v>5.2759628194e+01</v></row>
			<!-- 2018-10-19 12:06:00 CDT / 1539968760 --> <row><v>NaN</v></row>
			<!-- 2018-10-19 12:12:00 CDT / 1539969120 --> <row><v>NaN</v></row>
			<!-- 2018-10-19 12:18:00 CDT / 1539969480 --> <row><v>NaN</v></row>
			<!-- 2018-10-19 12:24:00 CDT / 1539969840 --> <row><v>NaN</v></row>
			<!-- 2018-10-19 12:30:00 CDT / 1539970200 --> <row><v>NaN</v></row>
			<!-- 2018-10-19 12:36:00 CDT / 1539970560 --> <row><v>NaN</v></row>
			<!-- 2018-10-19 12:42:00 CDT / 1539970920 --> <row><v>NaN</v></row>
			<!-- 2018-10-19 12:48:00 CDT / 1539971280 --> <row><v>NaN</v></row>
			<!-- 2018-10-19 12:54:00 CDT / 1539971640 --> <row><v>NaN</v></row>
			<!-- 2018-10-19 13:00:00 CDT / 1539972000 --> <row><v>NaN</v></row>
			<!-- 2018-10-19 13:06:00 CDT / 1539972360 --> <row><v>NaN</v></row>
			<!-- 2018-10-19 13:12:00 CDT / 1539972720 --> <row><v>NaN</v></row>
			<!-- 2018-10-19 13:18:00 CDT / 1539973080 --> <row><v>NaN</v></row>
			<!-- 2018-10-19 13:24:00 CDT / 1539973440 --> <row><v>NaN</v></row>
			<!-- 2018-10-19 13:30:00 CDT / 1539973800 --> <row><v>NaN</v></row>
			<!-- 2018-10-19 13:36:00 CDT / 1539974160 --> <row><v>NaN</v></row>
			<!-- 2018-10-19 13:42:00 CDT / 1539974520 --> <row><v>NaN</v></row>
			<!-- 2018-10-19 13:48:00 CDT / 1539974880 --> <row><v>NaN</v></row>
			<!-- 2018-10-19 13:54:00 CDT / 1539975240 --> <row><v>NaN</v></row>
			<!-- 2018-10-19 14:00:00 CDT / 1539975600 --> <row><v>NaN</v></row>
			<!-- 2018-10-19 14:06:00 CDT / 1539975960 --> <row><v>NaN</v></row>
			<!-- 2018-10-19 14:12:00 CDT / 1539976320 --> <row><v>NaN</v></row>
			<!-- 2018-10-19 14:18:00 CDT / 1539976680 --> <row><v>NaN</v></row>
			<!-- 2018-10-19 14:24:00 CDT / 1539977040 --> <row><v>NaN</v></row>
			<!-- 2018-10-19 14:30:00 CDT / 1539977400 --> <row><v>NaN</v></row>
			<!-- 2018-10-19 14:36:00 CDT / 1539977760 --> <row><v>NaN</v></row>
			<!-- 2018-10-19 14:42:00 CDT / 1539978120 --> <row><v>NaN</v></row>
			<!-- 2018-10-19 14:48:00 CDT / 1539978480 --> <row><v>NaN</v></row>
			<!-- 2018-10-19 14:54:00 CDT / 1539978840 --> <row><v>NaN</v></row>
			<!-- 2018-10-19 15:00:00 CDT / 1539979200 --> <row><v>NaN</v></row>
			<!-- 2018-10-19 15:06:00 CDT / 1539979560 --> <row><v>NaN</v></row>
			<!-- 2018-10-19 15:12:00 CDT / 1539979920 --> <row><v>NaN</v></row>
			<!-- 2018-10-19 15:18:00 CDT / 1539980280 --> <row><v>NaN</v></row>
			<!-- 2018-10-19 15:24:00 CDT / 1539980640 --> <row><v>NaN</v></row>
			<!-- 2018-10-19 15:30:00 CDT / 1539981000 --> <row><v>NaN</v></row>
			<!-- 2018-10-19 15:36:00 CDT / 1539981360 --> <row><v>NaN</v></row>
			<!-- 2018-10-19 15:42:00 CDT / 1539981720 --> <row><v>NaN</v></row>
			<!-- 2018-10-19 15:48:00 CDT / 1539982080 --> <row><v>NaN</v></row>
			<!-- 2018-10-19 15:54:00 CDT / 1539982440 --> <row><v>NaN</v></row>
			<!-- 2018-10-19 16:00:00 CDT / 1539982800 --> <row><v>NaN</v></row>
			<!-- 2018-10-19 16:06:00 CDT / 1539983160 --> <row><v>NaN</v></row>
			<!-- 2018-10-19 16:12:00 CDT / 1539983520 --> <row><v>NaN</v></row>
			<!-- 2018-10-19 16:18:00 CDT / 1539983880 --> <row><v>NaN</v></row>
			<!-- 2018-10-19 16:24:00 CDT / 1539984240 --> <row><v>NaN</v></row>
			<!-- 2018-10-19 16:30:00 CDT / 1539984600 --> <row><v>NaN</v></row>
			<!-- 2018-10-19 16:36:00 CDT / 1539984960 --> <row><v>NaN</v></row>
			<!-- 2018-10-19 16:42:00 CDT / 1539985320 --> <row><v>NaN</v></row>
			<!-- 2018-10-19 16:48:00 CDT / 1539985680 --> <row><v>NaN</v></row>
			<!-- 2018-10-19 16:54:00 CDT / 1539986040 --> <row><v>NaN</v></row>
			<!-- 2018-10-19 17:00:00 CDT / 1539986400 --> <row><v>NaN</v></row>
			<!-- 2018-10-19 17:06:00 CDT / 1539986760 --> <row><v>NaN</v></row>
			<!-- 2018-10-19 17:12:00 CDT / 1539987120 --> <row><v>NaN</v></row>
			<!-- 2018-10-19 17:18:00 CDT / 1539987480 --> <row><v>NaN</v></row>
			<!-- 2018-10-19 17:24:00 CDT / 1539987840 --> <row><v>NaN</v></row>
			<!-- 2018-10-19 17:30:00 CDT / 1539988200 --> <row><v>NaN</v></row>
			<!-- 2018-10-19 17:36:00 CDT / 1539988560 --> <row><v>NaN</v></row>
			<!-- 2018-10-19 17:42:00 CDT / 1539988920 --> <row><v>NaN</v></row>
			<!-- 2018-10-19 17:48:00 CDT / 1539989280 --> <row><v>NaN</v></row>
			<!-- 2018-10-19 17:54:00 CDT / 1539989640 --> <row><v>NaN</v></row>
			<!-- 2018-10-19 18:00:00 CDT / 1539990000 --> <row><v>NaN</v></row>
			<!-- 2018-10-19 18:06:00 CDT / 1539990360 --> <row><v>NaN</v></row>
			<!-- 2018-10-19 18:12:00 CDT / 1539990720 --> <row><v>NaN</v></row>
			<!-- 2018-10-19 18:18:00 CDT / 1539991080 --> <row><v>NaN</v></row>
			<!-- 2018-10-19 18:24:00 CDT / 1539991440 --> <row><v>NaN</v></row>
			<!-- 2018-10-19 18:30:00 CDT / 1539991800 --> <row><v>NaN</v></row>
			<!-- 2018-10-19 18:36:00 CDT / 1539992160 --> <row><v>NaN</v></row>
			<!-- 2018-10-19 18:42:00 CDT / 1539992520 --> <row><v>NaN</v></row>
			<!-- 2018-10-19 18:48:00 CDT / 1539992880 --> <row><v>NaN</v></row>
			<!-- 2018-10-19 18:54:00 CDT / 1539993240 --> <row><v>NaN</v></row>
			<!-- 2018-10-19 19:00:00 CDT / 1539993600 --> <row><v>NaN</v></row>
			<!-- 2018-10-19 19:06:00 CDT / 1539993960 --> <row><v>NaN</v></row>
			<!-- 2018-10-19 19:12:00 CDT / 1539994320 --> <row><v>NaN</v></row>
			<!-- 2018-10-19 19:18:00 CDT / 1539994680 --> <row><v>NaN</v></row>
			<!-- 2018-10-19 19:24:00 CDT / 1539995040 --> <row><v>NaN</v></row>
			<!-- 2018-10-19 19:30:00 CDT / 1539995400 --> <row><v>NaN</v></row>
			<!-- 2018-10-19 19:36:00 CDT / 1539995760 --> <row><v>NaN</v></row>
			<!-- 2018-10-19 19:42:00 CDT / 1539996120 --> <row><v>NaN</v></row>
			<!-- 2018-10-19 19:48:00 CDT / 1539996480 --> <row><v>NaN</v></row>
			<!-- 2018-10-19 19:54:00 CDT / 1539996840 --> <row><v>NaN</v></row>
			<!-- 2018-10-19 20:00:00 CDT / 1539997200 --> <row><v>NaN</v></row>
			<!-- 2018-10-19 20:06:00 CDT / 1539997560 --> <row><v>NaN</v></row>
			<!-- 2018-10-19 20:12:00 CDT / 1539997920 --> <row><v>NaN</v></row>
			<!-- 2018-10-19 20:18:00 CDT / 1539998280 --> <row><v>NaN</v></row>
			<!-- 2018-10-19 20:24:00 CDT / 1539998640 --> <row><v>NaN</v></row>
			<!-- 2018-10-19 20:30:00 CDT / 1539999000 --> <row><v>3.2667234408e+01</v></row>
			<!-- 2018-10-19 20:36:00 CDT / 1539999360 --> <row><v>3.7933474889e+01</v></row>
			<!-- 2018-10-19 20:42:00 CDT / 1539999720 --> <row><v>3.3129362283e+01</v></row>
			<!-- 2018-10-19 20:48:00 CDT / 1540000080 --> <row><v>4.5065609158e+01</v></row>
			<!-- 2018-10-19 20:54:00 CDT / 1540000440 --> <row><v>4.6705179575e+01</v></row>
			<!-- 2018-10-19 21:00:00 CDT / 1540000800 --> <row><v>4.8539798342e+01</v></row>
			<!-- 2018-10-19 21:06:00 CDT / 1540001160 --> <row><v>5.1094337119e+01</v></row>
			<!-- 2018-10-19 21:12:00 CDT / 1540001520 --> <row><v>4.0606348928e+01</v></row>
			<!-- 2018-10-19 21:18:00 CDT / 1540001880 --> <row><v>3.9969628375e+01</v></row>
			<!-- 2018-10-19 21:24:00 CDT / 1540002240 --> <row><v>3.9048408819e+01</v></row>
			<!-- 2018-10-19 21:30:00 CDT / 1540002600 --> <row><v>4.0816762278e+01</v></row>
			<!-- 2018-10-19 21:36:00 CDT / 1540002960 --> <row><v>4.0281524314e+01</v></row>
			<!-- 2018-10-19 21:42:00 CDT / 1540003320 --> <row><v>3.9698879022e+01</v></row>
			<!-- 2018-10-19 21:48:00 CDT / 1540003680 --> <row><v>4.3656735317e+01</v></row>
			<!-- 2018-10-19 21:54:00 CDT / 1540004040 --> <row><v>3.8334642850e+01</v></row>
			<!-- 2018-10-19 22:00:00 CDT / 1540004400 --> <row><v>3.7178374522e+01</v></row>
			<!-- 2018-10-19 22:06:00 CDT / 1540004760 --> <row><v>3.6865605156e+01</v></row>
			<!-- 2018-10-19 22:12:00 CDT / 1540005120 --> <row><v>4.3253031583e+01</v></row>
		</database>
	</rra>
	<rra>
		<cf>AVERAGE</cf>
		<pdp_per_row>1</pdp_per_row> <!-- 60 seconds -->

		<params>
		<xff>5.0000000000e-01</xff>
		</params>
		<cdp_prep>
			<ds>
			<primary_value>3.5920335600e+01</primary_value>
			<secondary_value>NaN</secondary_value>
			<value>NaN</value>
			<unknown_datapoints>0</unknown_datapoints>
			</ds>
		</cdp_prep>
		<database>
			<!-- 2018-10-19 12:16:00 CDT / 1539969360 --> <row><v>NaN</v></row>
			<!-- 2018-10-19 12:17:00 CDT / 1539969420 --> <row><v>NaN</v></row>
			<!-- 2018-10-19 12:18:00 CDT / 1539969480 --> <row><v>NaN</v></row>
			<!-- 2018-10-19 12:19:00 CDT / 1539969540 --> <row><v>NaN</v></row>
			<!-- 2018-10-19 12:20:00 CDT / 1539969600 --> <row><v>NaN</v></row>
			<!-- 2018-10-19 12:21:00 CDT / 1539969660 --> <row><v>NaN</v></row>
			<!-- 2018-10-19 12:22:00 CDT / 1539969720 --> <row><v>NaN</v></row>
			<!-- 2018-10-19 12:23:00 CDT / 1539969780 --> <row><v>NaN</v></row>
			<!-- 2018-10-19 12:24:00 CDT / 1539969840 --> <row><v>NaN</v></row>
			<!-- 2018-10-19 12:25:00 CDT / 1539969900 --> <row><v>NaN</v></row>
			<!-- 2018-10-19 12:26:00 CDT / 1539969960 --> <row><v>NaN</v></row>
			<!-- 2018-10-19 12:27:00 CDT / 1539970020 --> <row><v>NaN</v></row>
			<!-- 2018-10-19 12:28:00 CDT / 1539970080 --> <row><v>NaN</v></row>
			<!-- 2018-10-19 12:29:00 CDT / 1539970140 --> <row><v>NaN</v></row>
			<!-- 2018-10-19 12:30:00 CDT / 1539970200 --> <row><v>NaN</v></row>
			<!-- 2018-10-19 12:31:00 CDT / 1539970260 --> <row><v>NaN</v></row>
			<!-- 2018-10-19 12:32:00 CDT / 1539970320 --> <row><v>NaN</v></row>
			<!-- 2018-10-19 12:33:00 CDT / 1539970380 --> <row><v>NaN</v></row>
			<!-- 2018-10-19 12:34:00 CDT / 1539970440 --> <row><v>NaN</v></row>
			<!-- 2018-10-19 12:35:00 CDT / 1539970500 --> <row><v>NaN</v></row>
			<!-- 2018-10-19 12:36:00 CDT / 1539970560 --> <row><v>NaN</v></row>
			<!-- 2018-10-19 12:37:00 CDT / 1539970620 --> <row><v>NaN</v></row>
			<!-- 2018-10-19 12:38:00 CDT / 1539970680 --> <row><v>NaN</v></row>
			<!-- 2018-10-19 12:39:00 CDT / 1539970740 --> <row><v>NaN</v></row>
			<!-- 2018-10-19 12:40:00 CDT / 1539970800 --> <row><v>NaN</v></row>
			<!-- 2018-10-19 12:41:00 CDT / 1539970860 --> <row><v>NaN</v></row>
			<!-- 2018-10-19 12:42:00 CDT / 1539970920 --> <row><v>NaN</v></row>
			<!-- 2018-10-19 12:43:00 CDT / 1539970980 --> <row><v>NaN</v></row>
			<!-- 2018-10-19 12:44:00 CDT / 1539971040 --> <row><v>NaN</v></row>
			<!-- 2018-10-19 12:45:00 CDT / 1539971100 --> <row><v>NaN</v></row>
			<!-- 2018-10-19 12:46:00 CDT / 1539971160 --> <row><v>NaN</v></row>
			<!-- 2018-10-19 12:47:00 CDT / 1539971220 --> <row><v>NaN</v></row>
			<!-- 2018-10-19 12:48:00 CDT / 1539971280 --> <row><v>NaN</v></row>
			<!-- 2018-10-19 12:49:00 CDT / 1539971340 --> <row><v>NaN</v></row>
			<!-- 2018-10-19 12:50:00 CDT / 1539971400 --> <row><v>NaN</v></row>
			<!-- 2018-10-19 12:51:00 CDT / 1539971460 --> <row><v>NaN</v></row>
			<!-- 2018-10-19 12:52:00 CDT / 1539971520 --> <row><v>NaN</v></row>
			<!-- 2018-10-19 12:53:00 CDT / 1539971580 --> <row><v>NaN</v></row>
			<!-- 2018-10-19 12:54:00 CDT / 1539971640 --> <row><v>NaN</v></row>
			<!-- 2018-10-19 12:55:00 CDT / 1539971700 --> <row><v>NaN</v></row>
			<!-- 2018-10-19 12:56:00 CDT / 1539971760 --> <row><v>NaN</v></row>
			<!-- 2018-10-19 12:57:00 CDT / 1539971820 --> <row><v>NaN</v></row>
			<!-- 2018-10-19 12:58:00 CDT / 1539971880 --> <row><v>NaN</v></row>
			<!-- 2018-10-19 12:59:00 CDT / 1539971940 --> <row><v>NaN</v></row>
			<!-- 2018-10-19 13:00:00 CDT / 1539972000 --> <row><v>NaN</v></row>
			<!-- 2018-10-19 13:01:00 CDT / 1539972060 --> <row><v>NaN</v></row>
			<!-- 2018-10-19 13:02:00 CDT / 1539972120 --> <row><v>NaN</v></row>
			<!-- 2018-10-19 13:03:00 CDT / 1539972180 --> <row><v>NaN</v></row>
			<!-- 2018-10-19 13:04:00 CDT / 1539972240 --> <row><v>NaN</v></row>
			<!-- 2018-10-19 13:05:00 CDT / 1539972300 --> <row><v>NaN</v></row>
			<!-- 2018-10-19 13:06:00 CDT / 1539972360 --> <row><v>NaN</v></row>
			<!-- 2018-10-19 13:07:00 CDT / 1539972420 --> <row><v>NaN</v></row>
			<!-- 2018-10-19 13:08:00 CDT / 1539972480 --> <row><v>NaN</v></row>
			<!-- 2018-10-19 13:09:00 CDT / 1539972540 --> <row><v>NaN</v></row>
			<!-- 2018-10-19 13:10:00 CDT / 1539972600 --> <row><v>NaN</v></row>
			<!-- 2018-10-19 13:11:00 CDT / 1539972660 --> <row><v>NaN</v></row>
			<!-- 2018-10-19 13:12:00 CDT / 1539972720 --> <row><v>NaN</v></row>
			<!-- 2018-10-19 13:13:00 CDT / 1539972780 --> <row><v>NaN</v></row>
			<!-- 2018-10-19 13:14:00 CDT / 1539972840 --> <row><v>NaN</v></row>
			<!-- 2018-10-19 13:15:00 CDT / 1539972900 --> <row><v>NaN</v></row>
			<!-- 2018-10-19 13:16:00 CDT / 1539972960 --> <row><v>NaN</v></row>
			<!-- 2018-10-19 13:17:00 CDT / 1539973020 --> <row><v>NaN</v></row>
			<!-- 2018-10-19 13:18:00 CDT / 1539973080 --> <row><v>NaN</v></row>
			<!-- 2018-10-19 13:19:00 CDT / 1539973140 --> <row><v>NaN</v></row>
			<!-- 2018-10-19 13:20:00 CDT / 1539973200 --> <row><v>NaN</v></row>
			<!-- 2018-10-19 13:21:00 CDT / 1539973260 --> <row><v>NaN</v></row>
			<!-- 2018-10-19 13:22:00 CDT / 1539973320 --> <row><v>NaN</v></row>
			<!-- 2018-10-19 13:23:00 CDT / 1539973380 --> <row><v>NaN</v></row>
			<!-- 2018-10-19 13:24:00 CDT / 1539973440 --> <row><v>NaN</v></row>
			<!-- 2018-10-19 13:25:00 CDT / 1539973500 --> <row><v>NaN</v></row>
			<!-- 2018-10-19 13:26:00 CDT / 1539973560 --> <row><v>NaN</v></row>
			<!-- 2018-10-19 13:27:00 CDT / 1539973620 --> <row><v>NaN</v></row>
			<!-- 2018-10-19 13:28:00 CDT / 1539973680 --> <row><v>NaN</v></row>
			<!-- 2018-10-19 13:29:00 CDT / 1539973740 --> <row><v>NaN</v></row>
			<!-- 2018-10-19 13:30:00 CDT / 1539973800 --> <row><v>NaN</v></row>
			<!-- 2018-10-19 13:31:00 CDT / 1539973860 --> <row><v>NaN</v></row>
			<!-- 2018-10-19 13:32:00 CDT / 1539973920 --> <row><v>NaN</v></row>
			<!-- 2018-10-19 13:33:00 CDT / 1539973980 --> <row><v>NaN</v></row>
			<!-- 2018-10-19 13:34:00 CDT / 1539974040 --> <row><v>NaN</v></row>
			<!-- 2018-10-19 13:35:00 CDT / 1539974100 --> <row><v>NaN</v></row>
			<!-- 2018-10-19 13:36:00 CDT / 1539974160 --> <row><v>NaN</v></row>
			<!-- 2018-10-19 13:37:00 CDT / 1539974220 --> <row><v>NaN</v></row>
			<!-- 2018-10-19 13:38:00 CDT / 1539974280 --> <row><v>NaN</v></row>
			<!-- 2018-10-19 13:39:00 CDT / 1539974340 --> <row><v>NaN</v></row>
			<!-- 2018-10-19 13:40:00 CDT / 1539974400 --> <row><v>NaN</v></row>
			<!-- 2018-10-19 13:41:00 CDT / 1539974460 --> <row><v>NaN</v></row>
			<!-- 2018-10-19 13:42:00 CDT / 1539974520 --> <row><v>NaN</v></row>
			<!-- 2018-10-19 13:43:00 CDT / 1539974580 --> <row><v>NaN</v></row>
			<!-- 2018-10-19 13:44:00 CDT / 1539974640 --> <row><v>NaN</v></row>
			<!-- 2018-10-19 13:45:00 CDT / 1539974700 --> <row><v>NaN</v></row>
			<!-- 2018-10-19 13:46:00 CDT / 1539974760 --> <row><v>NaN</v></row>
			<!-- 2018-10-19 13:47:00 CDT / 1539974820 --> <row><v>NaN</v></row>
			<!-- 2018-10-19 13:48:00 CDT / 1539974880 --> <row><v>NaN</v></row>
			<!-- 2018-10-19 13:49:00 CDT / 1539974940 --> <row><v>NaN</v></row>
			<!-- 2018-10-19 13:50:00 CDT / 1539975000 --> <row><v>NaN</v></row>
			<!-- 2018-10-19 13:51:00 CDT / 1539975060 --> <row><v>NaN</v></row>
			<!-- 2018-10-19 13:52:00 CDT / 1539975120 --> <row><v>NaN</v></row>
			<!-- 2018-10-19 13:53:00 CDT / 1539975180 --> <row><v>NaN</v></row>
			<!-- 2018-10-19 13:54:00 CDT / 1539975240 --> <row><v>NaN</v></row>
			<!-- 2018-10-19 13:55:00 CDT / 1539975300 --> <row><v>NaN</v></row>
			<!-- 2018-10-19 13:56:00 CDT / 1539975360 --> <row><v>NaN</v></row>
			<!-- 2018-10-19 13:57:00 CDT / 1539975420 --> <row><v>NaN</v></row>
			<!-- 2018-10-19 13:58:00 CDT / 1539975480 --> <row><v>NaN</v></row>
			<!-- 2018-10-19 13:59:00 CDT / 1539975540 --> <row><v>NaN</v></row>
			<!-- 2018-10-19 14:00:00 CDT / 1539975600 --> <row><v>NaN</v></row>
			<!-- 2018-10-19 14:01:00 CDT / 1539975660 --> <row><v>NaN</v></row>
			<!-- 2018-10-19 14:02:00 CDT / 1539975720 --> <row><v>NaN</v></row>
			<!-- 2018-10-19 14:03:00 CDT / 1539975780 --> <row><v>NaN</v></row>
			<!-- 2018-10-19 14:04:00 CDT / 1539975840 --> <row><v>NaN</v></row>
			<!-- 2018-10-19 14:05:00 CDT / 1539975900 --> <row><v>NaN</v></row>
			<!-- 2018-10-19 14:06:00 CDT / 1539975960 --> <row><v>NaN</v></row>
			<!-- 2018-10-19 14:07:00 CDT / 1539976020 --> <row><v>NaN</v></row>
			<!-- 2018-10-19 14:08:00 CDT / 1539976080 --> <row><v>NaN</v></row>
			<!-- 2018-10-19 14:09:00 CDT / 1539976140 --> <row><v>NaN</v></row>
			<!-- 2018-10-19 14:10:00 CDT / 1539976200 --> <row><v>NaN</v></row>
			<!-- 2018-10-19 14:11:00 CDT / 1539976260 --> <row><v>NaN</v></row>
			<!-- 2018-10-19 14:12:00 CDT / 1539976320 --> <row><v>NaN</v></row>
			<!-- 2018-10-19 14:13:00 CDT / 1539976380 --> <row><v>NaN</v></row>
			<!-- 2018-10-19 14:14:00 CDT / 1539976440 --> <row><v>NaN</v></row>
			<!-- 2018-10-19 14:15:00 CDT / 1539976500 --> <row><v>NaN</v></row>
			<!-- 2018-10-19 14:16:00 CDT / 1539976560 --> <row><v>NaN</v></row>
			<!-- 2018-10-19 14:17:00 CDT / 1539976620 --> <row><v>NaN</v></row>
			<!-- 2018-10-19 14:18:00 CDT / 1539976680 --> <row><v>NaN</v></row>
			<!-- 2018-10-19 14:19:00 CDT / 1539976740 --> <row><v>NaN</v></row>
			<!-- 2018-10-19 14:20:00 CDT / 1539976800 --> <row><v>NaN</v></row>
			<!-- 2018-10-19 14:21:00 CDT / 1539976860 --> <row><v>NaN</v></row>
			<!-- 2018-10-19 14:22:00 CDT / 1539976920 --> <row><v>NaN</v></row>
			<!-- 2018-10-19 14:23:00 CDT / 1539976980 --> <row><v>NaN</v></row>
			<!-- 2018-10-19 14:24:00 CDT / 1539977040 --> <row><v>NaN</v></row>
			<!-- 2018-10-19 14:25:00 CDT / 1539977100 --> <row><v>NaN</v></row>
			<!-- 2018-10-19 14:26:00 CDT / 1539977160 --> <row><v>NaN</v></row>
			<!-- 2018-10-19 14:27:00 CDT / 1539977220 --> <row><v>NaN</v></row>
			<!-- 2018-10-19 14:28:00 CDT / 1539977280 --> <row><v>NaN</v></row>
			<!-- 2018-10-19 14:29:00 CDT / 1539977340 --> <row><v>NaN</v></row>
			<!-- 2018-10-19 14:30:00 CDT / 1539977400 --> <row><v>NaN</v></row>
			<!-- 2018-10-19 14:31:00 CDT / 1539977460 --> <row><v>NaN</v></row>
			<!-- 2018-10-19 14:32:00 CDT / 1539977520 --> <row><v>NaN</v></row>
			<!-- 2018-10-19 14:33:00 CDT / 1539977580 --> <row><v>NaN</v></row>
			<!-- 2018-10-19 14:34:00 CDT / 1539977640 --> <row><v>NaN</v></row>
			<!-- 2018-10-19 14:35:00 CDT / 1539977700 --> <row><v>NaN</v></row>
			<!-- 2018-10-19 14:36:00 CDT / 1539977760 --> <row><v>NaN</v></row>
			<!-- 2018-10-19 14:37:00 CDT / 1539977820 --> <row><v>NaN</v></row>
			<!-- 2018-10-19 14:38:00 CDT / 1539977880 --> <row><v>NaN</v></row>
			<!-- 2018-10-19 14:39:00 CDT / 1539977940 --> <row><v>NaN</v></row>
			<!-- 2018-10-19 14:40:00 CDT / 1539978000 --> <row><v>NaN</v></row>
			<!-- 2018-10-19 14:41:00 CDT / 1539978060 --> <row><v>NaN</v></row>
			<!-- 2018-10-19 14:42:00 CDT / 1539978120 --> <row><v>NaN</v></row>
			<!-- 2018-10-19 14:43:00 CDT / 1539978180 --> <row><v>NaN</v></row>
			<!-- 2018-10-19 14:44:00 CDT / 1539978240 --> <row><v>NaN</v></row>
			<!-- 2018-10-19 14:45:00 CDT / 1539978300 --> <row><v>NaN</v></row>
			<!-- 2018-10-19 14:46:00 CDT / 1539978360 --> <row><v>NaN</v></row>
			<!-- 2018-10-19 14:47:00 CDT / 1539978420 --> <row><v>NaN</v></row>
			<!-- 2018-10-19 14:48:00 CDT / 1539978480 --> <row><v>NaN</v></row>
			<!-- 2018-10-19 14:49:00 CDT / 1539978540 --> <row><v>NaN</v></row>
			<!-- 2018-10-19 14:50:00 CDT / 1539978600 --> <row><v>NaN</v></row>
			<!-- 2018-10-19 14:51:00 CDT / 1539978660 --> <row><v>NaN</v></row>
			<!-- 2018-10-19 14:52:00 CDT / 1539978720 --> <row><v>NaN</v></row>
			<!-- 2018-10-19 14:53:00 CDT / 1539978780 --> <row><v>NaN</v></row>
			<!-- 2018-10-19 14:54:00 CDT / 1539978840 --> <row><v>NaN</v></row>
			<!-- 2018-10-19 14:55:00 CDT / 1539978900 --> <row><v>NaN</v></row>
			<!-- 2018-10-19 14:56:00 CDT / 1539978960 --> <row><v>NaN</v></row>
			<!-- 2018-10-19 14:57:00 CDT / 1539979020 --> <row><v>NaN</v></row>
			<!-- 2018-10-19 14:58:00 CDT / 1539979080 --> <row><v>NaN</v></row>
			<!-- 2018-10-19 14:59:00 CDT / 1539979140 --> <row><v>NaN</v></row>
			<!-- 2018-10-19 15:00:00 CDT / 1539979200 --> <row><v>NaN</v></row>
			<!-- 2018-10-19 15:01:00 CDT / 1539979260 --> <row><v>NaN</v></row>
			<!-- 2018-10-19 15:02:00 CDT / 1539979320 --> <row><v>NaN</v></row>
			<!-- 2018-10-19 15:03:00 CDT / 1539979380 --> <row><v>NaN</v></row>
			<!-- 2018-10-19 15:04:00 CDT / 1539979440 --> <row><v>NaN</v></row>
			<!-- 2018-10-19 15:05:00 CDT / 1539979500 --> <row><v>NaN</v></row>
			<!-- 2018-10-19 15:06:00 CDT / 1539979560 --> <row><v>NaN</v></row>
			<!-- 2018-10-19 15:07:00 CDT / 1539979620 --> <row><v>NaN</v></row>
			<!-- 2018-10-19 15:08:00 CDT / 1539979680 --> <row><v>NaN</v></row>
			<!-- 2018-10-19 15:09:00 CDT / 1539979740 --> <row><v>NaN</v></row>
			<!-- 2018-10-19 15:10:00 CDT / 1539979800 --> <row><v>NaN</v></row>
			<!-- 2018-10-19 15:11:00 CDT / 1539979860 --> <row><v>NaN</v></row>
			<!-- 2018-10-19 15:12:00 CDT / 1539979920 --> <row><v>NaN</v></row>
			<!-- 2018-10-19 15:13:00 CDT / 1539979980 --> <row><v>NaN</v></row>
			<!-- 2018-10-19 15:14:00 CDT / 1539980040 --> <row><v>NaN</v></row>
			<!-- 2018-10-19 15:15:00 CDT / 1539980100 --> <row><v>NaN</v></row>
			<!-- 2018-10-19 15:16:00 CDT / 1539980160 --> <row><v>NaN</v></row>
			<!-- 2018-10-19 15:17:00 CDT / 1539980220 --> <row><v>NaN</v></row>
			<!-- 2018-10-19 15:18:00 CDT / 1539980280 --> <row><v>NaN</v></row>
			<!-- 2018-10-19 15:19:00 CDT / 1539980340 --> <row><v>NaN</v></row>
			<!-- 2018-10-19 15:20:00 CDT / 1539980400 --> <row><v>NaN</v></row>
			<!-- 2018-10-19 15:21:00 CDT / 1539980460 --> <row><v>NaN</v></row>
			<!-- 2018-10-19 15:22:00 CDT / 1539980520 --> <row><v>NaN</v></row>
			<!-- 2018-10-19 15:23:00 CDT / 1539980580 --> <row><v>NaN</v></row>
			<!-- 2018-10-19 15:24:00 CDT / 1539980640 --> <row><v>NaN</v></row>
			<!-- 2018-10-19 15:25:00 CDT / 1539980700 --> <row><v>NaN</v></row>
			<!-- 2018-10-19 15:26:00 CDT / 1539980760 --> <row><v>NaN</v></row>
			<!-- 2018-10-19 15:27:00 CDT / 1539980820 --> <row><v>NaN</v></row>
			<!-- 2018-10-19 15:28:00 CDT / 1539980880 --> <row><v>NaN</v></row>
			<!-- 2018-10-19 15:29:00 CDT / 1539980940 --> <row><v>NaN</v></row>
			<!-- 2018-10-19 15:30:00 CDT / 1539981000 --> <row><v>NaN</v></row>
			<!-- 2018-10-19 15:31:00 CDT / 1539981060 --> <row><v>NaN</v></row>
			<!-- 2018-10-19 15:32:00 CDT / 1539981120 --> <row><v>NaN</v></row>
			<!-- 2018-10-19 15:33:00 CDT / 1539981180 --> <row><v>NaN</v></row>
			<!-- 2018-10-19 15:34:00 CDT / 1539981240 --> <row><v>NaN</v></row>
			<!-- 2018-10-19 15:35:00 CDT / 1539981300 --> <row><v>NaN</v></row>
			<!-- 2018-10-19 15:36:00 CDT / 1539981360 --> <row><v>NaN</v></row>
			<!-- 2018-10-19 15:37:00 CDT / 1539981420 --> <row><v>NaN</v></row>
			<!-- 2018-10-19 15:38:00 CDT / 1539981480 --> <row><v>NaN</v></row>
			<!-- 2018-10-19 15:39:00 CDT / 1539981540 --> <row><v>NaN</v></row>
			<!-- 2018-10-19 15:40:00 CDT / 1539981600 --> <row><v>NaN</v></row>
			<!-- 2018-10-19 15:41:00 CDT / 1539981660 --> <row><v>NaN</v></row>
			<!-- 2018-10-19 15:42:00 CDT / 1539981720 --> <row><v>NaN</v></row>
			<!-- 2018-10-19 15:43:00 CDT / 1539981780 --> <row><v>NaN</v></row>
			<!-- 2018-10-19 15:44:00 CDT / 1539981840 --> <row><v>NaN</v></row>
			<!-- 2018-10-19 15:45:00 CDT / 1539981900 --> <row><v>NaN</v></row>
			<!-- 2018-10-19 15:46:00 CDT / 1539981960 --> <row><v>NaN</v></row>
			<!-- 2018-10-19 15:47:00 CDT / 1539982020 --> <row><v>NaN</v></row>
			<!-- 2018-10-19 15:48:00 CDT / 1539982080 --> <row><v>NaN</v></row>
			<!-- 2018-10-19 15:49:00 CDT / 1539982140 --> <row><v>NaN</v></row>
			<!-- 2018-10-19 15:50:00 CDT / 1539982200 --> <row><v>NaN</v></row>
			<!-- 2018-10-19 15:51:00 CDT / 1539982260 --> <row><v>NaN</v></row>
			<!-- 2018-10-19 15:52:00 CDT / 1539982320 --> <row><v>NaN</v></row>
			<!-- 2018-10-19 15:53:00 CDT / 1539982380 --> <row><v>NaN</v></row>
			<!-- 2018-10-19 15:54:00 CDT / 1539982440 --> <row><v>NaN</v></row>
			<!-- 2018-10-19 15:55:00 CDT / 1539982500 --> <row><v>NaN</v></row>
			<!-- 2018-10-19 15:56:00 CDT / 1539982560 --> <row><v>NaN</v></row>
			<!-- 2018-10-19 15:57:00 CDT / 1539982620 --> <row><v>NaN</v></row>
			<!-- 2018-10-19 15:58:00 CDT / 1539982680 --> <row><v>NaN</v></row>
			<!-- 2018-10-19 15:59:00 CDT / 1539982740 --> <row><v>NaN</v></row>
			<!-- 2018-10-19 16:00:00 CDT / 1539982800 --> <row><v>NaN</v></row>
			<!-- 2018-10-19 16:01:00 CDT / 1539982860 --> <row><v>NaN</v></row>
			<!-- 2018-10-19 16:02:00 CDT / 1539982920 --> <row><v>NaN</v></row>
			<!-- 2018-10-19 16:03:00 CDT / 1539982980 --> <row><v>NaN</v></row>
			<!-- 2018-10-19 16:04:00 CDT / 1539983040 --> <row><v>NaN</v></row>
			<!-- 2018-10-19 16:05:00 CDT / 1539983100 --> <row><v>NaN</v></row>
			<!-- 2018-10-19 16:06:00 CDT / 1539983160 --> <row><v>NaN</v></row>
			<!-- 2018-10-19 16:07:00 CDT / 1539983220 --> <row><v>NaN</v></row>
			<!-- 2018-10-19 16:08:00 CDT / 1539983280 --> <row><v>NaN</v></row>
			<!-- 2018-10-19 16:09:00 CDT / 1539983340 --> <row><v>NaN</v></row>
			<!-- 2018-10-19 16:10:00 CDT / 1539983400 --> <row><v>NaN</v></row>
			<!-- 2018-10-19 16:11:00 CDT / 1539983460 --> <row><v>NaN</v></row>
			<!-- 2018-10-19 16:12:00 CDT / 1539983520 --> <row><v>NaN</v></row>
			<!-- 2018-10-19 16:13:00 CDT / 1539983580 --> <row><v>NaN</v></row>
			<!-- 2018-10-19 16:14:00 CDT / 1539983640 --> <row><v>NaN</v></row>
			<!-- 2018-10-19 16:15:00 CDT / 1539983700 --> <row><v>NaN</v></row>
			<!-- 2018-10-19 16:16:00 CDT / 1539983760 --> <row><v>NaN</v></row>
			<!-- 2018-10-19 16:17:00 CDT / 1539983820 --> <row><v>NaN</v></row>
			<!-- 2018-10-19 16:18:00 CDT / 1539983880 --> <row><v>NaN</v></row>
			<!-- 2018-10-19 16:19:00 CDT / 1539983940 --> <row><v>NaN</v></row>
			<!-- 2018-10-19 16:20:00 CDT / 1539984000 --> <row><v>NaN</v></row>
			<!-- 2018-10-19 16:21:00 CDT / 1539984060 --> <row><v>NaN</v></row>
			<!-- 2018-10-19 16:22:00 CDT / 1539984120 --> <row><v>NaN</v></row>
			<!-- 2018-10-19 16:23:00 CDT / 1539984180 --> <row><v>NaN</v></row>
			<!-- 2018-10-19 16:24:00 CDT / 1539984240 --> <row><v>NaN</v></row>
			<!-- 2018-10-19 16:25:00 CDT / 1539984300 --> <row><v>NaN</v></row>
			<!-- 2018-10-19 16:26:00 CDT / 1539984360 --> <row><v>NaN</v></row>
			<!-- 2018-10-19 16:27:00 CDT / 1539984420 --> <row><v>NaN</v></row>
			<!-- 2018-10-19 16:28:00 CDT / 1539984480 --> <row><v>NaN</v></row>
			<!-- 2018-10-19 16:29:00 CDT / 1539984540 --> <row><v>NaN</v></row>
			<!-- 2018-10-19 16:30:00 CDT / 1539984600 --> <row><v>NaN</v></row>
			<!-- 2018-10-19 16:31:00 CDT / 1539984660 --> <row><v>NaN</v></row>
			<!-- 2018-10-19 16:32:00 CDT / 1539984720 --> <row><v>NaN</v></row>
			<!-- 2018-10-19 16:33:00 CDT / 1539984780 --> <row><v>NaN</v></row>
			<!-- 2018-10-19 16:34:00 CDT / 1539984840 --> <row><v>NaN</v></row>
			<!-- 2018-10-19 16:35:00 CDT / 1539984900 --> <row><v>NaN</v></row>
			<!-- 2018-10-19 16:36:00 CDT / 1539984960 --> <row><v>NaN</v></row>
			<!-- 2018-10-19 16:37:00 CDT / 1539985020 --> <row><v>NaN</v></row>
			<!-- 2018-10-19 16:38:00 CDT / 1539985080 --> <row><v>NaN</v></row>
			<!-- 2018-10-19 16:39:00 CDT / 1539985140 --> <row><v>NaN</v></row>
			<!-- 2018-10-19 16:40:00 CDT / 1539985200 --> <row><v>NaN</v></row>
			<!-- 2018-10-19 16:41:00 CDT / 1539985260 --> <row><v>NaN</v></row>
			<!-- 2018-10-19 16:42:00 CDT / 1539985320 --> <row><v>NaN</v></row>
			<!-- 2018-10-19 16:43:00 CDT / 1539985380 --> <row><v>NaN</v></row>
			<!-- 2018-10-19 16:44:00 CDT / 1539985440 --> <row><v>NaN</v></row>
			<!-- 2018-10-19 16:45:00 CDT / 1539985500 --> <row><v>NaN</v></row>
			<!-- 2018-10-19 16:46:00 CDT / 1539985560 --> <row><v>NaN</v></row>
			<!-- 2018-10-19 16:47:00 CDT / 1539985620 --> <row><v>NaN</v></row>
			<!-- 2018-10-19 16:48:00 CDT / 1539985680 --> <row><v>NaN</v></row>
			<!-- 2018-10-19 16:49:00 CDT / 1539985740 --> <row><v>NaN</v></row>
			<!-- 2018-10-19 16:50:00 CDT / 1539985800 --> <row><v>NaN</v></row>
			<!-- 2018-10-19 16:51:00 CDT / 1539985860 --> <row><v>NaN</v></row>
			<!-- 2018-10-19 16:52:00 CDT / 1539985920 --> <row><v>NaN</v></row>
			<!-- 2018-10-19 16:53:00 CDT / 1539985980 --> <row><v>NaN</v></row>
			<!-- 2018-10-19 16:54:00 CDT / 1539986040 --> <row><v>NaN</v></row>
			<!-- 2018-10-19 16:55:00 CDT / 1539986100 --> <row><v>NaN</v></row>
			<!-- 2018-10-19 16:56:00 CDT / 1539986160 --> <row><v>NaN</v></row>
			<!-- 2018-10-19 16:57:00 CDT / 1539986220 --> <row><v>NaN</v></row>
			<!-- 2018-10-19 16:58:00 CDT / 1539986280 --> <row><v>NaN</v></row>
			<!-- 2018-10-19 16:59:00 CDT / 1539986340 --> <row><v>NaN</v></row>
			<!-- 2018-10-19 17:00:00 CDT / 1539986400 --> <row><v>NaN</v></row>
			<!-- 2018-10-19 17:01:00 CDT / 1539986460 --> <row><v>NaN</v></row>
			<!-- 2018-10-19 17:02:00 CDT / 1539986520 --> <row><v>NaN</v></row>
			<!-- 2018-10-19 17:03:00 CDT / 1539986580 --> <row><v>NaN</v></row>
			<!-- 2018-10-19 17:04:00 CDT / 1539986640 --> <row><v>NaN</v></row>
			<!-- 2018-10-19 17:05:00 CDT / 1539986700 --> <row><v>NaN</v></row>
			<!-- 2018-10-19 17:06:00 CDT / 1539986760 --> <row><v>NaN</v></row>
			<!-- 2018-10-19 17:07:00 CDT / 1539986820 --> <row><v>NaN</v></row>
			<!-- 2018-10-19 17:08:00 CDT / 1539986880 --> <row><v>NaN</v></row>
			<!-- 2018-10-19 17:09:00 CDT / 1539986940 --> <row><v>NaN</v></row>
			<!-- 2018-10-19 17:10:00 CDT / 1539987000 --> <row><v>NaN</v></row>
			<!-- 2018-10-19 17:11:00 CDT / 1539987060 --> <row><v>NaN</v></row>
			<!-- 2018-10-19 17:12:00 CDT / 1539987120 --> <row><v>NaN</v></row>
			<!-- 2018-10-19 17:13:00 CDT / 1539987180 --> <row><v>NaN</v></row>
			<!-- 2018-10-19 17:14:00 CDT / 1539987240 --> <row><v>NaN</v></row>
			<!-- 2018-10-19 17:15:00 CDT / 1539987300 --> <row><v>NaN</v></row>
			<!-- 2018-10-19 17:16:00 CDT / 1539987360 --> <row><v>NaN</v></row>
			<!-- 2018-10-19 17:17:00 CDT / 1539987420 --> <row><v>NaN</v></row>
			<!-- 2018-10-19 17:18:00 CDT / 1539987480 --> <row><v>NaN</v></row>
			<!-- 2018-10-19 17:19:00 CDT / 1539987540 --> <row><v>NaN</v></row>
			<!-- 2018-10-19 17:20:00 CDT / 1539987600 --> <row><v>NaN</v></row>
			<!-- 2018-10-19 17:21:00 CDT / 1539987660 --> <row><v>NaN</v></row>
			<!-- 2018-10-19 17:22:00 CDT / 1539987720 --> <row><v>NaN</v></row>
			<!-- 2018-10-19 17:23:00 CDT / 1539987780 --> <row><v>NaN</v></row>
			<!-- 2018-10-19 17:24:00 CDT / 1539987840 --> <row><v>NaN</v></row>
			<!-- 2018-10-19 17:25:00 CDT / 1539987900 --> <row><v>NaN</v></row>
			<!-- 2018-10-19 17:26:00 CDT / 1539987960 --> <row><v>NaN</v></row>
			<!-- 2018-10-19 17:27:00 CDT / 1539988020 --> <row><v>NaN</v></row>
			<!-- 2018-10-19 17:28:00 CDT / 1539988080 --> <row><v>NaN</v></row>
			<!-- 2018-10-19 17:29:00 CDT / 1539988140 --> <row><v>NaN</v></row>
			<!-- 2018-10-19 17:30:00 CDT / 1539988200 --> <row><v>NaN</v></row>
			<!-- 2018-10-19 17:31:00 CDT / 1539988260 --> <row><v>NaN</v></row>
			<!-- 2018-10-19 17:32:00 CDT / 1539988320 --> <row><v>NaN</v></row>
			<!-- 2018-10-19 17:33:00 CDT / 1539988380 --> <row><v>NaN</v></row>
			<!-- 2018-10-19 17:34:00 CDT / 1539988440 --> <row><v>NaN</v></row>
			<!-- 2018-10-19 17:35:00 CDT / 1539988500 --> <row><v>NaN</v></row>
			<!-- 2018-10-19 17:36:00 CDT / 1539988560 --> <row><v>NaN</v></row>
			<!-- 2018-10-19 17:37:00 CDT / 1539988620 --> <row><v>NaN</v></row>
			<!-- 2018-10-19 17:38:00 CDT / 1539988680 --> <row><v>NaN</v></row>
			<!-- 2018-10-19 17:39:00 CDT / 1539988740 --> <row><v>NaN</v></row>
			<!-- 2018-10-19 17:40:00 CDT / 1539988800 --> <row><v>NaN</v></row>
			<!-- 2018-10-19 17:41:00 CDT / 1539988860 --> <row><v>NaN</v></row>
			<!-- 2018-10-19 17:42:00 CDT / 1539988920 --> <row><v>NaN</v></row>
			<!-- 2018-10-19 17:43:00 CDT / 1539988980 --> <row><v>NaN</v></row>
			<!-- 2018-10-19 17:44:00 CDT / 1539989040 --> <row><v>NaN</v></row>
			<!-- 2018-10-19 17:45:00 CDT / 1539989100 --> <row><v>NaN</v></row>
			<!-- 2018-10-19 17:46:00 CDT / 1539989160 --> <row><v>NaN</v></row>
			<!-- 2018-10-19 17:47:00 CDT / 1539989220 --> <row><v>NaN</v></row>
			<!-- 2018-10-19 17:48:00 CDT / 1539989280 --> <row><v>NaN</v></row>
			<!-- 2018-10-19 17:49:00 CDT / 1539989340 --> <row><v>NaN</v></row>
			<!-- 2018-10-19 17:50:00 CDT / 1539989400 --> <row><v>NaN</v></row>
			<!-- 2018-10-19 17:51:00 CDT / 1539989460 --> <row><v>NaN</v></row>
			<!-- 2018-10-19 17:52:00 CDT / 1539989520 --> <row><v>NaN</v></row>
			<!-- 2018-10-19 17:53:00 CDT / 1539989580 --> <row><v>NaN</v></row>
			<!-- 2018-10-19 17:54:00 CDT / 1539989640 --> <row><v>NaN</v></row>
			<!-- 2018-10-19 17:55:00 CDT / 1539989700 --> <row><v>NaN</v></row>
			<!-- 2018-10-19 17:56:00 CDT / 1539989760 --> <row><v>NaN</v></row>
			<!-- 2018-10-19 17:57:00 CDT / 1539989820 --> <row><v>NaN</v></row>
			<!-- 2018-10-19 17:58:00 CDT / 1539989880 --> <row><v>NaN</v></row>
			<!-- 2018-10-19 17:59:00 CDT / 1539989940 --> <row><v>NaN</v></row>
			<!-- 2018-10-19 18:00:00 CDT / 1539990000 --> <row><v>NaN</v></row>
			<!-- 2018-10-19 18:01:00 CDT / 1539990060 --> <row><v>NaN</v></row>
			<!-- 2018-10-19 18:02:00 CDT / 1539990120 --> <row><v>NaN</v></row>
			<!-- 2018-10-19 18:03:00 CDT / 1539990180 --> <row><v>NaN</v></row>
			<!-- 2018-10-19 18:04:00 CDT / 1539990240 --> <row><v>NaN</v></row>
			<!-- 2018-10-19 18:05:00 CDT / 1539990300 --> <row><v>NaN</v></row>
			<!-- 2018-10-19 18:06:00 CDT / 1539990360 --> <row><v>NaN</v></row>
			<!-- 2018-10-19 18:07:00 CDT / 1539990420 --> <row><v>NaN</v></row>
			<!-- 2018-10-19 18:08:00 CDT / 1539990480 --> <row><v>NaN</v></row>
			<!-- 2018-10-19 18:09:00 CDT / 1539990540 --> <row><v>NaN</v></row>
			<!-- 2018-10-19 18:10:00 CDT / 1539990600 --> <row><v>NaN</v></row>
			<!-- 2018-10-19 18:11:00 CDT / 1539990660 --> <row><v>NaN</v></row>
			<!-- 2018-10-19 18:12:00 CDT / 1539990720 --> <row><v>NaN</v></row>
			<!-- 2018-10-19 18:13:00 CDT / 1539990780 --> <row><v>NaN</v></row>
			<!-- 2018-10-19 18:14:00 CDT / 1539990840 --> <row><v>NaN</v></row>
			<!-- 2018-10-19 18:15:00 CDT / 1539990900 --> <row><v>NaN</v></row>
			<!-- 2018-10-19 18:16:00 CDT / 1539990960 --> <row><v>NaN</v></row>
			<!-- 2018-10-19 18:17:00 CDT / 1539991020 --> <row><v>NaN</v></row>
			<!-- 2018-10-19 18:18:00 CDT / 1539991080 --> <row><v>NaN</v></row>
			<!-- 2018-10-19 18:19:00 CDT / 1539991140 --> <row><v>NaN</v></row>
			<!-- 2018-10-19 18:20:00 CDT / 1539991200 --> <row><v>NaN</v></row>
			<!-- 2018-10-19 18:21:00 CDT / 1539991260 --> <row><v>NaN</v></row>
			<!-- 2018-10-19 18:22:00 CDT / 1539991320 --> <row><v>NaN</v></row>
			<!-- 2018-10-19 18:23:00 CDT / 1539991380 --> <row><v>NaN</v></row>
			<!-- 2018-10-19 18:24:00 CDT / 1539991440 --> <row><v>NaN</v></row>
			<!-- 2018-10-19 18:25:00 CDT / 1539991500 --> <row><v>NaN</v></row>
			<!-- 2018-10-19 18:26:00 CDT / 1539991560 --> <row><v>NaN</v></row>
			<!-- 2018-10-19 18:27:00 CDT / 1539991620 --> <row><v>NaN</v></row>
			<!-- 2018-10-19 18:28:00 CDT / 1539991680 --> <row><v>NaN</v></row>
			<!-- 2018-10-19 18:29:00 CDT / 1539991740 --> <row><v>NaN</v></row>
			<!-- 2018-10-19 18:30:00 CDT / 1539991800 --> <row><v>NaN</v></row>
			<!-- 2018-10-19 18:31:00 CDT / 1539991860 --> <row><v>NaN</v></row>
			<!-- 2018-10-19 18:32:00 CDT / 1539991920 --> <row><v>NaN</v></row>
			<!-- 2018-10-19 18:33:00 CDT / 1539991980 --> <row><v>NaN</v></row>
			<!-- 2018-10-19 18:34:00 CDT / 1539992040 --> <row><v>NaN</v></row>
			<!-- 2018-10-19 18:35:00 CDT / 1539992100 --> <row><v>NaN</v></row>
			<!-- 2018-10-19 18:36:00 CDT / 1539992160 --> <row><v>NaN</v></row>
			<!-- 2018-10-19 18:37:00 CDT / 1539992220 --> <row><v>NaN</v></row>
			<!-- 2018-10-19 18:38:00 CDT / 1539992280 --> <row><v>NaN</v></row>
			<!-- 2018-10-19 18:39:00 CDT / 1539992340 --> <row><v>NaN</v></row>
			<!-- 2018-10-19 18:40:00 CDT / 1539992400 --> <row><v>NaN</v></row>
			<!-- 2018-10-19 18:41:00 CDT / 1539992460 --> <row><v>NaN</v></row>
			<!-- 2018-10-19 18:42:00 CDT / 1539992520 --> <row><v>NaN</v></row>
			<!-- 2018-10-19 18:43:00 CDT / 1539992580 --> <row><v>NaN</v></row>
			<!-- 2018-10-19 18:44:00 CDT / 1539992640 --> <row><v>NaN</v></row>
			<!-- 2018-10-19 18:45:00 CDT / 1539992700 --> <row><v>NaN</v></row>
			<!-- 2018-10-19 18:46:00 CDT / 1539992760 --> <row><v>NaN</v></row>
			<!-- 2018-10-19 18:47:00 CDT / 1539992820 --> <row><v>NaN</v></row>
			<!-- 2018-10-19 18:48:00 CDT / 1539992880 --> <row><v>NaN</v></row>
			<!-- 2018-10-19 18:49:00 CDT / 1539992940 --> <row><v>NaN</v></row>
			<!-- 2018-10-19 18:50:00 CDT / 1539993000 --> <row><v>NaN</v></row>
			<!-- 2018-10-19 18:51:00 CDT / 1539993060 --> <row><v>NaN</v></row>
			<!-- 2018-10-19 18:52:00 CDT / 1539993120 --> <row><v>NaN</v></row>
			<!-- 2018-10-19 18:53:00 CDT / 1539993180 --> <row><v>NaN</v></row>
			<!-- 2018-10-19 18:54:00 CDT / 1539993240 --> <row><v>NaN</v></row>
			<!-- 2018-10-19 18:55:00 CDT / 1539993300 --> <row><v>NaN</v></row>
			<!-- 2018-10-19 18:56:00 CDT / 1539993360 --> <row><v>NaN</v></row>
			<!-- 2018-10-19 18:57:00 CDT / 1539993420 --> <row><v>NaN</v></row>
			<!-- 2018-10-19 18:58:00 CDT / 1539993480 --> <row><v>NaN</v></row>
			<!-- 2018-10-19 18:59:00 CDT / 1539993540 --> <row><v>NaN</v></row>
			<!-- 2018-10-19 19:00:00 CDT / 1539993600 --> <row><v>NaN</v></row>
			<!-- 2018-10-19 19:01:00 CDT / 1539993660 --> <row><v>NaN</v></row>
			<!-- 2018-10-19 19:02:00 CDT / 1539993720 --> <row><v>NaN</v></row>
			<!-- 2018-10-19 19:03:00 CDT / 1539993780 --> <row><v>NaN</v></row>
			<!-- 2018-10-19 19:04:00 CDT / 1539993840 --> <row><v>NaN</v></row>
			<!-- 2018-10-19 19:05:00 CDT / 1539993900 --> <row><v>NaN</v></row>
			<!-- 2018-10-19 19:06:00 CDT / 1539993960 --> <row><v>NaN</v></row>
			<!-- 2018-10-19 19:07:00 CDT / 1539994020 --> <row><v>NaN</v></row>
			<!-- 2018-10-19 19:08:00 CDT / 1539994080 --> <row><v>NaN</v></row>
			<!-- 2018-10-19 19:09:00 CDT / 1539994140 --> <row><v>NaN</v></row>
			<!-- 2018-10-19 19:10:00 CDT / 1539994200 --> <row><v>NaN</v></row>
			<!-- 2018-10-19 19:11:00 CDT / 1539994260 --> <row><v>NaN</v></row>
			<!-- 2018-10-19 19:12:00 CDT / 1539994320 --> <row><v>NaN</v></row>
			<!-- 2018-10-19 19:13:00 CDT / 1539994380 --> <row><v>NaN</v></row>
			<!-- 2018-10-19 19:14:00 CDT / 1539994440 --> <row><v>NaN</v></row>
			<!-- 2018-10-19 19:15:00 CDT / 1539994500 --> <row><v>NaN</v></row>
			<!-- 2018-10-19 19:16:00 CDT / 1539994560 --> <row><v>NaN</v></row>
			<!-- 2018-10-19 19:17:00 CDT / 1539994620 --> <row><v>NaN</v></row>
			<!-- 2018-10-19 19:18:00 CDT / 1539994680 --> <row><v>NaN</v></row>
			<!-- 2018-10-19 19:19:00 CDT / 1539994740 --> <row><v>NaN</v></row>
			<!-- 2018-10-19 19:20:00 CDT / 1539994800 --> <row><v>NaN</v></row>
			<!-- 2018-10-19 19:21:00 CDT / 1539994860 --> <row><v>NaN</v></row>
			<!-- 2018-10-19 19:22:00 CDT / 1539994920 --> <row><v>NaN</v></row>
			<!-- 2018-10-19 19:23:00 CDT / 1539994980 --> <row><v>NaN</v></row>
			<!-- 2018-10-19 19:24:00 CDT / 1539995040 --> <row><v>NaN</v></row>
			<!-- 2018-10-19 19:25:00 CDT / 1539995100 --> <row><v>NaN</v></row>
			<!-- 2018-10-19 19:26:00 CDT / 1539995160 --> <row><v>NaN</v></row>
			<!-- 2018-10-19 19:27:00 CDT / 1539995220 --> <row><v>NaN</v></row>
			<!-- 2018-10-19 19:28:00 CDT / 1539995280 --> <row><v>NaN</v></row>
			<!-- 2018-10-19 19:29:00 CDT / 1539995340 --> <row><v>NaN</v></row>
			<!-- 2018-10-19 19:30:00 CDT / 1539995400 --> <row><v>NaN</v></row>
			<!-- 2018-10-19 19:31:00 CDT / 1539995460 --> <row><v>NaN</v></row>
			<!-- 2018-10-19 19:32:00 CDT / 1539995520 --> <row><v>NaN</v></row>
			<!-- 2018-10-19 19:33:00 CDT / 1539995580 --> <row><v>NaN</v></row>
			<!-- 2018-10-19 19:34:00 CDT / 1539995640 --> <row><v>NaN</v></row>
			<!-- 2018-10-19 19:35:00 CDT / 1539995700 --> <row><v>NaN</v></row>
			<!-- 2018-10-19 19:36:00 CDT / 1539995760 --> <row><v>NaN</v></row>
			<!-- 2018-10-19 19:37:00 CDT / 1539995820 --> <row><v>NaN</v></row>
			<!-- 2018-10-19 19:38:00 CDT / 1539995880 --> <row><v>NaN</v></row>
			<!-- 2018-10-19 19:39:00 CDT / 1539995940 --> <row><v>NaN</v></row>
			<!-- 2018-10-19 19:40:00 CDT / 1539996000 --> <row><v>NaN</v></row>
			<!-- 2018-10-19 19:41:00 CDT / 1539996060 --> <row><v>NaN</v></row>
			<!-- 2018-10-19 19:42:00 CDT / 1539996120 --> <row><v>NaN</v></row>
			<!-- 2018-10-19 19:43:00 CDT / 1539996180 --> <row><v>NaN</v></row>
			<!-- 2018-10-19 19:44:00 CDT / 1539996240 --> <row><v>NaN</v></row>
			<!-- 2018-10-19 19:45:00 CDT / 1539996300 --> <row><v>NaN</v></row>
			<!-- 2018-10-19 19:46:00 CDT / 1539996360 --> <row><v>NaN</v></row>
			<!-- 2018-10-19 19:47:00 CDT / 1539996420 --> <row><v>NaN</v></row>
			<!-- 2018-10-19 19:48:00 CDT / 1539996480 --> <row><v>NaN</v></row>
			<!-- 2018-10-19 19:49:00 CDT / 1539996540 --> <row><v>NaN</v></row>
			<!-- 2018-10-19 19:50:00 CDT / 1539996600 --> <row><v>NaN</v></row>
			<!-- 2018-10-19 19:51:00 CDT / 1539996660 --> <row><v>NaN</v></row>
			<!-- 2018-10-19 19:52:00 CDT / 1539996720 --> <row><v>NaN</v></row>
			<!-- 2018-10-19 19:53:00 CDT / 1539996780 --> <row><v>NaN</v></row>
			<!-- 2018-10-19 19:54:00 CDT / 1539996840 --> <row><v>NaN</v></row>
			<!-- 2018-10-19 19:55:00 CDT / 1539996900 --> <row><v>NaN</v></row>
			<!-- 2018-10-19 19:56:00 CDT / 1539996960 --> <row><v>NaN</v></row>
			<!-- 2018-10-19 19:57:00 CDT / 1539997020 --> <row><v>NaN</v></row>
			<!-- 2018-10-19 19:58:00 CDT / 1539997080 --> <row><v>NaN</v></row>
			<!-- 2018-10-19 19:59:00 CDT / 1539997140 --> <row><v>NaN</v></row>
			<!-- 2018-10-19 20:00:00 CDT / 1539997200 --> <row><v>NaN</v></row>
			<!-- 2018-10-19 20:01:00 CDT / 1539997260 --> <row><v>NaN</v></row>
			<!-- 2018-10-19 20:02:00 CDT / 1539997320 --> <row><v>NaN</v></row>
			<!-- 2018-10-19 20:03:00 CDT / 1539997380 --> <row><v>NaN</v></row>
			<!-- 2018-10-19 20:04:00 CDT / 1539997440 --> <row><v>NaN</v></row>
			<!-- 2018-10-19 20:05:00 CDT / 1539997500 --> <row><v>NaN</v></row>
			<!-- 2018-10-19 20:06:00 CDT / 1539997560 --> <row><v>NaN</v></row>
			<!-- 2018-10-19 20:07:00 CDT / 1539997620 --> <row><v>NaN</v></row>
			<!-- 2018-10-19 20:08:00 CDT / 1539997680 --> <row><v>NaN</v></row>
			<!-- 2018-10-19 20:09:00 CDT / 1539997740 --> <row><v>NaN</v></row>
			<!-- 2018-10-19 20:10:00 CDT / 1539997800 --> <row><v>NaN</v></row>
			<!-- 2018-10-19 20:11:00 CDT / 1539997860 --> <row><v>NaN</v></row>
			<!-- 2018-10-19 20:12:00 CDT / 1539997920 --> <row><v>NaN</v></row>
			<!-- 2018-10-19 20:13:00 CDT / 1539997980 --> <row><v>NaN</v></row>
			<!-- 2018-10-19 20:14:00 CDT / 1539998040 --> <row><v>NaN</v></row>
			<!-- 2018-10-19 20:15:00 CDT / 1539998100 --> <row><v>NaN</v></row>
			<!-- 2018-10-19 20:16:00 CDT / 1539998160 --> <row><v>NaN</v></row>
			<!-- 2018-10-19 20:17:00 CDT / 1539998220 --> <row><v>NaN</v></row>
			<!-- 2018-10-19 20:18:00 CDT / 1539998280 --> <row><v>NaN</v></row>
			<!-- 2018-10-19 20:19:00 CDT / 1539998340 --> <row><v>NaN</v></row>
			<!-- 2018-10-19 20:20:00 CDT / 1539998400 --> <row><v>NaN</v></row>
			<!-- 2018-10-19 20:21:00 CDT / 1539998460 --> <row><v>NaN</v></row>
			<!-- 2018-10-19 20:22:00 CDT / 1539998520 --> <row><v>NaN</v></row>
			<!-- 2018-10-19 20:23:00 CDT / 1539998580 --> <row><v>NaN</v></row>
			<!-- 2018-10-19 20:24:00 CDT / 1539998640 --> <row><v>NaN</v></row>
			<!-- 2018-10-19 20:25:00 CDT / 1539998700 --> <row><v>NaN</v></row>
			<!-- 2018-10-19 20:26:00 CDT / 1539998760 --> <row><v>NaN</v></row>
			<!-- 2018-10-19 20:27:00 CDT / 1539998820 --> <row><v>4.7814585100e+01</v></row>
			<!-- 2018-10-19 20:28:00 CDT / 1539998880 --> <row><v>3.4480796250e+01</v></row>
			<!-- 2018-10-19 20:29:00 CDT / 1539998940 --> <row><v>2.2286304800e+01</v></row>
			<!-- 2018-10-19 20:30:00 CDT / 1539999000 --> <row><v>2.6087251483e+01</v></row>
			<!-- 2018-10-19 20:31:00 CDT / 1539999060 --> <row><v>4.2403115933e+01</v></row>
			<!-- 2018-10-19 20:32:00 CDT / 1539999120 --> <row><v>3.7856335167e+01</v></row>
			<!-- 2018-10-19 20:33:00 CDT / 1539999180 --> <row><v>4.7364542133e+01</v></row>
			<!-- 2018-10-19 20:34:00 CDT / 1539999240 --> <row><v>2.7783366850e+01</v></row>
			<!-- 2018-10-19 20:35:00 CDT / 1539999300 --> <row><v>3.3147854717e+01</v></row>
			<!-- 2018-10-19 20:36:00 CDT / 1539999360 --> <row><v>3.9045634533e+01</v></row>
			<!-- 2018-10-19 20:37:00 CDT / 1539999420 --> <row><v>3.6910517483e+01</v></row>
			<!-- 2018-10-19 20:38:00 CDT / 1539999480 --> <row><v>4.2672913667e+01</v></row>
			<!-- 2018-10-19 20:39:00 CDT / 1539999540 --> <row><v>3.4347183917e+01</v></row>
			<!-- 2018-10-19 20:40:00 CDT / 1539999600 --> <row><v>2.6979608100e+01</v></row>
			<!-- 2018-10-19 20:41:00 CDT / 1539999660 --> <row><v>3.5273356133e+01</v></row>
			<!-- 2018-10-19 20:42:00 CDT / 1539999720 --> <row><v>2.2592594400e+01</v></row>
			<!-- 2018-10-19 20:43:00 CDT / 1539999780 --> <row><v>2.0442021933e+01</v></row>
			<!-- 2018-10-19 20:44:00 CDT / 1539999840 --> <row><v>3.4931330100e+01</v></row>
			<!-- 2018-10-19 20:45:00 CDT / 1539999900 --> <row><v>5.9652964683e+01</v></row>
			<!-- 2018-10-19 20:46:00 CDT / 1539999960 --> <row><v>5.2351359733e+01</v></row>
			<!-- 2018-10-19 20:47:00 CDT / 1540000020 --> <row><v>5.1427419283e+01</v></row>
			<!-- 2018-10-19 20:48:00 CDT / 1540000080 --> <row><v>5.1588559217e+01</v></row>
			<!-- 2018-10-19 20:49:00 CDT / 1540000140 --> <row><v>5.8492226500e+01</v></row>
			<!-- 2018-10-19 20:50:00 CDT / 1540000200 --> <row><v>5.4955464350e+01</v></row>
			<!-- 2018-10-19 20:51:00 CDT / 1540000260 --> <row><v>4.6666793067e+01</v></row>
			<!-- 2018-10-19 20:52:00 CDT / 1540000320 --> <row><v>4.0362073433e+01</v></row>
			<!-- 2018-10-19 20:53:00 CDT / 1540000380 --> <row><v>3.8542218433e+01</v></row>
			<!-- 2018-10-19 20:54:00 CDT / 1540000440 --> <row><v>4.1212301667e+01</v></row>
			<!-- 2018-10-19 20:55:00 CDT / 1540000500 --> <row><v>4.6317674400e+01</v></row>
			<!-- 2018-10-19 20:56:00 CDT / 1540000560 --> <row><v>4.3753838750e+01</v></row>
			<!-- 2018-10-19 20:57:00 CDT / 1540000620 --> <row><v>4.2421687083e+01</v></row>
			<!-- 2018-10-19 20:58:00 CDT / 1540000680 --> <row><v>4.9242191867e+01</v></row>
			<!-- 2018-10-19 20:59:00 CDT / 1540000740 --> <row><v>5.7989148983e+01</v></row>
			<!-- 2018-10-19 21:00:00 CDT / 1540000800 --> <row><v>5.1514248967e+01</v></row>
			<!-- 2018-10-19 21:01:00 CDT / 1540000860 --> <row><v>4.5665819017e+01</v></row>
			<!-- 2018-10-19 21:02:00 CDT / 1540000920 --> <row><v>4.6547001733e+01</v></row>
			<!-- 2018-10-19 21:03:00 CDT / 1540000980 --> <row><v>6.6421628550e+01</v></row>
			<!-- 2018-10-19 21:04:00 CDT / 1540001040 --> <row><v>5.0097556417e+01</v></row>
			<!-- 2018-10-19 21:05:00 CDT / 1540001100 --> <row><v>4.5911795267e+01</v></row>
			<!-- 2018-10-19 21:06:00 CDT / 1540001160 --> <row><v>5.1922221733e+01</v></row>
			<!-- 2018-10-19 21:07:00 CDT / 1540001220 --> <row><v>4.4997282083e+01</v></row>
			<!-- 2018-10-19 21:08:00 CDT / 1540001280 --> <row><v>3.5544516750e+01</v></row>
			<!-- 2018-10-19 21:09:00 CDT / 1540001340 --> <row><v>4.7483733167e+01</v></row>
			<!-- 2018-10-19 21:10:00 CDT / 1540001400 --> <row><v>4.0240233833e+01</v></row>
			<!-- 2018-10-19 21:11:00 CDT / 1540001460 --> <row><v>3.6214126567e+01</v></row>
			<!-- 2018-10-19 21:12:00 CDT / 1540001520 --> <row><v>3.9158201167e+01</v></row>
			<!-- 2018-10-19 21:13:00 CDT / 1540001580 --> <row><v>3.9181059683e+01</v></row>
			<!-- 2018-10-19 21:14:00 CDT / 1540001640 --> <row><v>3.6279465883e+01</v></row>
			<!-- 2018-10-19 21:15:00 CDT / 1540001700 --> <row><v>3.3241959200e+01</v></row>
			<!-- 2018-10-19 21:16:00 CDT / 1540001760 --> <row><v>5.0419553750e+01</v></row>
			<!-- 2018-10-19 21:17:00 CDT / 1540001820 --> <row><v>4.7280206983e+01</v></row>
			<!-- 2018-10-19 21:18:00 CDT / 1540001880 --> <row><v>3.3415524750e+01</v></row>
			<!-- 2018-10-19 21:19:00 CDT / 1540001940 --> <row><v>3.1534462567e+01</v></row>
			<!-- 2018-10-19 21:20:00 CDT / 1540002000 --> <row><v>4.3177735700e+01</v></row>
			<!-- 2018-10-19 21:21:00 CDT / 1540002060 --> <row><v>3.9684146283e+01</v></row>
			<!-- 2018-10-19 21:22:00 CDT / 1540002120 --> <row><v>4.7835935400e+01</v></row>
			<!-- 2018-10-19 21:23:00 CDT / 1540002180 --> <row><v>2.8791925183e+01</v></row>
			<!-- 2018-10-19 21:24:00 CDT / 1540002240 --> <row><v>4.3266247783e+01</v></row>
			<!-- 2018-10-19 21:25:00 CDT / 1540002300 --> <row><v>4.3520561033e+01</v></row>
			<!-- 2018-10-19 21:26:00 CDT / 1540002360 --> <row><v>4.5551064100e+01</v></row>
			<!-- 2018-10-19 21:27:00 CDT / 1540002420 --> <row><v>4.3558011767e+01</v></row>
			<!-- 2018-10-19 21:28:00 CDT / 1540002480 --> <row><v>3.1680301233e+01</v></row>
			<!-- 2018-10-19 21:29:00 CDT / 1540002540 --> <row><v>3.5416543600e+01</v></row>
			<!-- 2018-10-19 21:30:00 CDT / 1540002600 --> <row><v>4.5174091933e+01</v></row>
			<!-- 2018-10-19 21:31:00 CDT / 1540002660 --> <row><v>4.5210976800e+01</v></row>
			<!-- 2018-10-19 21:32:00 CDT / 1540002720 --> <row><v>4.3057486317e+01</v></row>
			<!-- 2018-10-19 21:33:00 CDT / 1540002780 --> <row><v>3.6401147183e+01</v></row>
			<!-- 2018-10-19 21:34:00 CDT / 1540002840 --> <row><v>4.2017292533e+01</v></row>
			<!-- 2018-10-19 21:35:00 CDT / 1540002900 --> <row><v>3.6384792750e+01</v></row>
			<!-- 2018-10-19 21:36:00 CDT / 1540002960 --> <row><v>3.8617450300e+01</v></row>
			<!-- 2018-10-19 21:37:00 CDT / 1540003020 --> <row><v>4.2530076283e+01</v></row>
			<!-- 2018-10-19 21:38:00 CDT / 1540003080 --> <row><v>3.2645578933e+01</v></row>
			<!-- 2018-10-19 21:39:00 CDT / 1540003140 --> <row><v>3.9946417283e+01</v></row>
			<!-- 2018-10-19 21:40:00 CDT / 1540003200 --> <row><v>3.7840955433e+01</v></row>
			<!-- 2018-10-19 21:41:00 CDT / 1540003260 --> <row><v>4.6222426483e+01</v></row>
			<!-- 2018-10-19 21:42:00 CDT / 1540003320 --> <row><v>3.9007819717e+01</v></row>
			<!-- 2018-10-19 21:43:00 CDT / 1540003380 --> <row><v>5.0584080733e+01</v></row>
			<!-- 2018-10-19 21:44:00 CDT / 1540003440 --> <row><v>4.2314721067e+01</v></row>
			<!-- 2018-10-19 21:45:00 CDT / 1540003500 --> <row><v>4.4873638733e+01</v></row>
			<!-- 2018-10-19 21:46:00 CDT / 1540003560 --> <row><v>4.6529684367e+01</v></row>
			<!-- 2018-10-19 21:47:00 CDT / 1540003620 --> <row><v>4.1966695250e+01</v></row>
			<!-- 2018-10-19 21:48:00 CDT / 1540003680 --> <row><v>3.5671591750e+01</v></row>
			<!-- 2018-10-19 21:49:00 CDT / 1540003740 --> <row><v>4.0552250033e+01</v></row>
			<!-- 2018-10-19 21:50:00 CDT / 1540003800 --> <row><v>4.3072178167e+01</v></row>
			<!-- 2018-10-19 21:51:00 CDT / 1540003860 --> <row><v>3.1054219617e+01</v></row>
			<!-- 2018-10-19 21:52:00 CDT / 1540003920 --> <row><v>3.3572797283e+01</v></row>
			<!-- 2018-10-19 21:53:00 CDT / 1540003980 --> <row><v>3.6986352950e+01</v></row>
			<!-- 2018-10-19 21:54:00 CDT / 1540004040 --> <row><v>4.4770059050e+01</v></row>
			<!-- 2018-10-19 21:55:00 CDT / 1540004100 --> <row><v>4.8883047433e+01</v></row>
			<!-- 2018-10-19 21:56:00 CDT / 1540004160 --> <row><v>4.4825149200e+01</v></row>
			<!-- 2018-10-19 21:57:00 CDT / 1540004220 --> <row><v>3.6621353433e+01</v></row>
			<!-- 2018-10-19 21:58:00 CDT / 1540004280 --> <row><v>2.4514269783e+01</v></row>
			<!-- 2018-10-19 21:59:00 CDT / 1540004340 --> <row><v>2.8564565733e+01</v></row>
			<!-- 2018-10-19 22:00:00 CDT / 1540004400 --> <row><v>3.9661861550e+01</v></row>
			<!-- 2018-10-19 22:01:00 CDT / 1540004460 --> <row><v>3.8309171583e+01</v></row>
			<!-- 2018-10-19 22:02:00 CDT / 1540004520 --> <row><v>3.6688336750e+01</v></row>
			<!-- 2018-10-19 22:03:00 CDT / 1540004580 --> <row><v>3.4261178167e+01</v></row>
			<!-- 2018-10-19 22:04:00 CDT / 1540004640 --> <row><v>3.3616801850e+01</v></row>
			<!-- 2018-10-19 22:05:00 CDT / 1540004700 --> <row><v>3.3514328033e+01</v></row>
			<!-- 2018-10-19 22:06:00 CDT / 1540004760 --> <row><v>4.4803814550e+01</v></row>
			<!-- 2018-10-19 22:07:00 CDT / 1540004820 --> <row><v>4.6453181200e+01</v></row>
			<!-- 2018-10-19 22:08:00 CDT / 1540004880 --> <row><v>4.3082232250e+01</v></row>
			<!-- 2018-10-19 22:09:00 CDT / 1540004940 --> <row><v>4.4230227467e+01</v></row>
			<!-- 2018-10-19 22:10:00 CDT / 1540005000 --> <row><v>4.0576571200e+01</v></row>
			<!-- 2018-10-19 22:11:00 CDT / 1540005060 --> <row><v>4.1242853267e+01</v></row>
			<!-- 2018-10-19 22:12:00 CDT / 1540005120 --> <row><v>4.3933124117e+01</v></row>
			<!-- 2018-10-19 22:13:00 CDT / 1540005180 --> <row><v>3.7572059550e+01</v></row>
			<!-- 2018-10-19 22:14:00 CDT / 1540005240 --> <row><v>4.0696485200e+01</v></row>
			<!-- 2018-10-19 22:15:00 CDT / 1540005300 --> <row><v>3.5920335600e+01</v></row>
		</database>
	</rra>
</rrd>
