<?xml version="1.0" encoding="utf-8"?>
<!DOCTYPE rrd SYSTEM "http://oss.oetiker.ch/rrdtool/rrdtool.dtd">
<!-- Round Robin Database Dump -->
<rrd>
	<version>0003</version>
	<step>60</step> <!-- Seconds -->
	<lastupdate>1539813635</lastupdate> <!-- 2018-10-17 17:00:35 CDT -->

	<ds>
		<name> CPUload </name>
		<type> GAUGE </type>
		<minimal_heartbeat>600</minimal_heartbeat>
		<min>NaN</min>
		<max>NaN</max>

		<!-- PDP Status -->
		<last_ds>27</last_ds>
		<value>1.0176366970e+03</value>
		<unknown_sec> 0 </unknown_sec>
	</ds>

	<!-- Round Robin Archives -->
	<rra>
		<cf>AVERAGE</cf>
		<pdp_per_row>1</pdp_per_row> <!-- 60 seconds -->

		<params>
		<xff>5.0000000000e-01</xff>
		</params>
		<cdp_prep>
			<ds>
			<primary_value>2.9753439317e+01</primary_value>
			<secondary_value>1.6852383688e+01</secondary_value>
			<value>NaN</value>
			<unknown_datapoints>0</unknown_datapoints>
			</ds>
		</cdp_prep>
		<database>
			<!-- 2018-10-17 16:37:00 CDT / 1539812220 --> <row><v>NaN</v></row>
			<!-- 2018-10-17 16:38:00 CDT / 1539812280 --> <row><v>NaN</v></row>
			<!-- 2018-10-17 16:39:00 CDT / 1539812340 --> <row><v>NaN</v></row>
			<!-- 2018-10-17 16:40:00 CDT / 1539812400 --> <row><v>NaN</v></row>
			<!-- 2018-10-17 16:41:00 CDT / 1539812460 --> <row><v>NaN</v></row>
			<!-- 2018-10-17 16:42:00 CDT / 1539812520 --> <row><v>NaN</v></row>
			<!-- 2018-10-17 16:43:00 CDT / 1539812580 --> <row><v>NaN</v></row>
			<!-- 2018-10-17 16:44:00 CDT / 1539812640 --> <row><v>NaN</v></row>
			<!-- 2018-10-17 16:45:00 CDT / 1539812700 --> <row><v>NaN</v></row>
			<!-- 2018-10-17 16:46:00 CDT / 1539812760 --> <row><v>NaN</v></row>
			<!-- 2018-10-17 16:47:00 CDT / 1539812820 --> <row><v>NaN</v></row>
			<!-- 2018-10-17 16:48:00 CDT / 1539812880 --> <row><v>NaN</v></row>
			<!-- 2018-10-17 16:49:00 CDT / 1539812940 --> <row><v>NaN</v></row>
			<!-- 2018-10-17 16:50:00 CDT / 1539813000 --> <row><v>NaN</v></row>
			<!-- 2018-10-17 16:51:00 CDT / 1539813060 --> <row><v>NaN</v></row>
			<!-- 2018-10-17 16:52:00 CDT / 1539813120 --> <row><v>NaN</v></row>
			<!-- 2018-10-17 16:53:00 CDT / 1539813180 --> <row><v>NaN</v></row>
			<!-- 2018-10-17 16:54:00 CDT / 1539813240 --> <row><v>NaN</v></row>
			<!-- 2018-10-17 16:55:00 CDT / 1539813300 --> <row><v>1.6852383688e+01</v></row>
			<!-- 2018-10-17 16:56:00 CDT / 1539813360 --> <row><v>1.6852383688e+01</v></row>
			<!-- 2018-10-17 16:57:00 CDT / 1539813420 --> <row><v>2.1437838733e+01</v></row>
			<!-- 2018-10-17 16:58:00 CDT / 1539813480 --> <row><v>2.5419212517e+01</v></row>
			<!-- 2018-10-17 16:59:00 CDT / 1539813540 --> <row><v>2.5113678033e+01</v></row>
			<!-- 2018-10-17 17:00:00 CDT / 1539813600 --> <row><v>2.9753439317e+01</v></row>
		</database>
	</rra>
</rrd>
