<?xml version="1.0" encoding="utf-8"?>
<!DOCTYPE rrd SYSTEM "http://oss.oetiker.ch/rrdtool/rrdtool.dtd">
<!-- Round Robin Database Dump -->
<rrd>
	<version>0003</version>
	<step>60</step> <!-- Seconds -->
	<lastupdate>1540568790</lastupdate> <!-- 2018-10-26 10:46:30 CDT -->

	<ds>
		<name> cpu </name>
		<type> GAUGE </type>
		<minimal_heartbeat>600</minimal_heartbeat>
		<min>NaN</min>
		<max>NaN</max>

		<!-- PDP Status -->
		<last_ds>48</last_ds>
		<value>1.4115966110e+03</value>
		<unknown_sec> 0 </unknown_sec>
	</ds>

	<!-- Round Robin Archives -->
	<rra>
		<cf>AVERAGE</cf>
		<pdp_per_row>6</pdp_per_row> <!-- 360 seconds -->

		<params>
		<xff>5.0000000000e-01</xff>
		</params>
		<cdp_prep>
			<ds>
			<primary_value>5.2810310111e+01</primary_value>
			<secondary_value>NaN</secondary_value>
			<value>1.8846358374e+02</value>
			<unknown_datapoints>0</unknown_datapoints>
			</ds>
		</cdp_prep>
		<database>
			<!-- 2018-10-23 12:48:00 CDT / 1540316880 --> <row><v>NaN</v></row>
			<!-- 2018-10-23 12:54:00 CDT / 1540317240 --> <row><v>NaN</v></row>
			<!-- 2018-10-23 13:00:00 CDT / 1540317600 --> <row><v>NaN</v></row>
			<!-- 2018-10-23 13:06:00 CDT / 1540317960 --> <row><v>NaN</v></row>
			<!-- 2018-10-23 13:12:00 CDT / 1540318320 --> <row><v>NaN</v></row>
			<!-- 2018-10-23 13:18:00 CDT / 1540318680 --> <row><v>NaN</v></row>
			<!-- 2018-10-23 13:24:00 CDT / 1540319040 --> <row><v>NaN</v></row>
			<!-- 2018-10-23 13:30:00 CDT / 1540319400 --> <row><v>NaN</v></row>
			<!-- 2018-10-23 13:36:00 CDT / 1540319760 --> <row><v>NaN</v></row>
			<!-- 2018-10-23 13:42:00 CDT / 1540320120 --> <row><v>NaN</v></row>
			<!-- 2018-10-23 13:48:00 CDT / 1540320480 --> <row><v>NaN</v></row>
			<!-- 2018-10-23 13:54:00 CDT / 1540320840 --> <row><v>NaN</v></row>
			<!-- 2018-10-23 14:00:00 CDT / 1540321200 --> <row><v>NaN</v></row>
			<!-- 2018-10-23 14:06:00 CDT / 1540321560 --> <row><v>NaN</v></row>
			<!-- 2018-10-23 14:12:00 CDT / 1540321920 --> <row><v>NaN</v></row>
			<!-- 2018-10-23 14:18:00 CDT / 1540322280 --> <row><v>NaN</v></row>
			<!-- 2018-10-23 14:24:00 CDT / 1540322640 --> <row><v>NaN</v></row>
			<!-- 2018-10-23 14:30:00 CDT / 1540323000 --> <row><v>NaN</v></row>
			<!-- 2018-10-23 14:36:00 CDT / 1540323360 --> <row><v>NaN</v></row>
			<!-- 2018-10-23 14:42:00 CDT / 1540323720 --> <row><v>NaN</v></row>
			<!-- 2018-10-23 14:48:00 CDT / 1540324080 --> <row><v>NaN</v></row>
			<!-- 2018-10-23 14:54:00 CDT / 1540324440 --> <row><v>NaN</v></row>
			<!-- 2018-10-23 15:00:00 CDT / 1540324800 --> <row><v>NaN</v></row>
			<!-- 2018-10-23 15:06:00 CDT / 1540325160 --> <row><v>NaN</v></row>
			<!-- 2018-10-23 15:12:00 CDT / 1540325520 --> <row><v>NaN</v></row>
			<!-- 2018-10-23 15:18:00 CDT / 1540325880 --> <row><v>NaN</v></row>
			<!-- 2018-10-23 15:24:00 CDT / 1540326240 --> <row><v>NaN</v></row>
			<!-- 2018-10-23 15:30:00 CDT / 1540326600 --> <row><v>NaN</v></row>
			<!-- 2018-10-23 15:36:00 CDT / 1540326960 --> <row><v>NaN</v></row>
			<!-- 2018-10-23 15:42:00 CDT / 1540327320 --> <row><v>NaN</v></row>
			<!-- 2018-10-23 15:48:00 CDT / 1540327680 --> <row><v>NaN</v></row>
			<!-- 2018-10-23 15:54:00 CDT / 1540328040 --> <row><v>NaN</v></row>
			<!-- 2018-10-23 16:00:00 CDT / 1540328400 --> <row><v>NaN</v></row>
			<!-- 2018-10-23 16:06:00 CDT / 1540328760 --> <row><v>NaN</v></row>
			<!-- 2018-10-23 16:12:00 CDT / 1540329120 --> <row><v>NaN</v></row>
			<!-- 2018-10-23 16:18:00 CDT / 1540329480 --> <row><v>NaN</v></row>
			<!-- 2018-10-23 16:24:00 CDT / 1540329840 --> <row><v>NaN</v></row>
			<!-- 2018-10-23 16:30:00 CDT / 1540330200 --> <row><v>NaN</v></row>
			<!-- 2018-10-23 16:36:00 CDT / 1540330560 --> <row><v>NaN</v></row>
			<!-- 2018-10-23 16:42:00 CDT / 1540330920 --> <row><v>NaN</v></row>
			<!-- 2018-10-23 16:48:00 CDT / 1540331280 --> <row><v>NaN</v></row>
			<!-- 2018-10-23 16:54:00 CDT / 1540331640 --> <row><v>NaN</v></row>
			<!-- 2018-10-23 17:00:00 CDT / 1540332000 --> <row><v>NaN</v></row>
			<!-- 2018-10-23 17:06:00 CDT / 1540332360 --> <row><v>NaN</v></row>
			<!-- 2018-10-23 17:12:00 CDT / 1540332720 --> <row><v>NaN</v></row>
			<!-- 2018-10-23 17:18:00 CDT / 1540333080 --> <row><v>NaN</v></row>
			<!-- 2018-10-23 17:24:00 CDT / 1540333440 --> <row><v>NaN</v></row>
			<!-- 2018-10-23 17:30:00 CDT / 1540333800 --> <row><v>NaN</v></row>
			<!-- 2018-10-23 17:36:00 CDT / 1540334160 --> <row><v>NaN</v></row>
			<!-- 2018-10-23 17:42:00 CDT / 1540334520 --> <row><v>NaN</v></row>
			<!-- 2018-10-23 17:48:00 CDT / 1540334880 --> <row><v>NaN</v></row>
			<!-- 2018-10-23 17:54:00 CDT / 1540335240 --> <row><v>NaN</v></row>
			<!-- 2018-10-23 18:00:00 CDT / 1540335600 --> <row><v>NaN</v></row>
			<!-- 2018-10-23 18:06:00 CDT / 1540335960 --> <row><v>NaN</v></row>
			<!-- 2018-10-23 18:12:00 CDT / 1540336320 --> <row><v>NaN</v></row>
			<!-- 2018-10-23 18:18:00 CDT / 1540336680 --> <row><v>NaN</v></row>
			<!-- 2018-10-23 18:24:00 CDT / 1540337040 --> <row><v>NaN</v></row>
			<!-- 2018-10-23 18:30:00 CDT / 1540337400 --> <row><v>NaN</v></row>
			<!-- 2018-10-23 18:36:00 CDT / 1540337760 --> <row><v>NaN</v></row>
			<!-- 2018-10-23 18:42:00 CDT / 1540338120 --> <row><v>NaN</v></row>
			<!-- 2018-10-23 18:48:00 CDT / 1540338480 --> <row><v>NaN</v></row>
			<!-- 2018-10-23 18:54:00 CDT / 1540338840 --> <row><v>NaN</v></row>
			<!-- 2018-10-23 19:00:00 CDT / 1540339200 --> <row><v>NaN</v></row>
			<!-- 2018-10-23 19:06:00 CDT / 1540339560 --> <row><v>NaN</v></row>
			<!-- 2018-10-23 19:12:00 CDT / 1540339920 --> <row><v>NaN</v></row>
			<!-- 2018-10-23 19:18:00 CDT / 1540340280 --> <row><v>NaN</v></row>
			<!-- 2018-10-23 19:24:00 CDT / 1540340640 --> <row><v>NaN</v></row>
			<!-- 2018-10-23 19:30:00 CDT / 1540341000 --> <row><v>NaN</v></row>
			<!-- 2018-10-23 19:36:00 CDT / 1540341360 --> <row><v>NaN</v></row>
			<!-- 2018-10-23 19:42:00 CDT / 1540341720 --> <row><v>NaN</v></row>
			<!-- 2018-10-23 19:48:00 CDT / 1540342080 --> <row><v>NaN</v></row>
			<!-- 2018-10-23 19:54:00 CDT / 1540342440 --> <row><v>NaN</v></row>
			<!-- 2018-10-23 20:00:00 CDT / 1540342800 --> <row><v>NaN</v></row>
			<!-- 2018-10-23 20:06:00 CDT / 1540343160 --> <row><v>NaN</v></row>
			<!-- 2018-10-23 20:12:00 CDT / 1540343520 --> <row><v>NaN</v></row>
			<!-- 2018-10-23 20:18:00 CDT / 1540343880 --> <row><v>NaN</v></row>
			<!-- 2018-10-23 20:24:00 CDT / 1540344240 --> <row><v>NaN</v></row>
			<!-- 2018-10-23 20:30:00 CDT / 1540344600 --> <row><v>NaN</v></row>
			<!-- 2018-10-23 20:36:00 CDT / 1540344960 --> <row><v>NaN</v></row>
			<!-- 2018-10-23 20:42:00 CDT / 1540345320 --> <row><v>NaN</v></row>
			<!-- 2018-10-23 20:48:00 CDT / 1540345680 --> <row><v>NaN</v></row>
			<!-- 2018-10-23 20:54:00 CDT / 1540346040 --> <row><v>NaN</v></row>
			<!-- 2018-10-23 21:00:00 CDT / 1540346400 --> <row><v>NaN</v></row>
			<!-- 2018-10-23 21:06:00 CDT / 1540346760 --> <row><v>NaN</v></row>
			<!-- 2018-10-23 21:12:00 CDT / 1540347120 --> <row><v>NaN</v></row>
			<!-- 2018-10-23 21:18:00 CDT / 1540347480 --> <row><v>NaN</v></row>
			<!-- 2018-10-23 21:24:00 CDT / 1540347840 --> <row><v>NaN</v></row>
			<!-- 2018-10-23 21:30:00 CDT / 1540348200 --> <row><v>NaN</v></row>
			<!-- 2018-10-23 21:36:00 CDT / 1540348560 --> <row><v>NaN</v></row>
			<!-- 2018-10-23 21:42:00 CDT / 1540348920 --> <row><v>NaN</v></row>
			<!-- 2018-10-23 21:48:00 CDT / 1540349280 --> <row><v>NaN</v></row>
			<!-- 2018-10-23 21:54:00 CDT / 1540349640 --> <row><v>NaN</v></row>
			<!-- 2018-10-23 22:00:00 CDT / 1540350000 --> <row><v>NaN</v></row>
			<!-- 2018-10-23 22:06:00 CDT / 1540350360 --> <row><v>NaN</v></row>
			<!-- 2018-10-23 22:12:00 CDT / 1540350720 --> <row><v>NaN</v></row>
			<!-- 2018-10-23 22:18:00 CDT / 1540351080 --> <row><v>NaN</v></row>
			<!-- 2018-10-23 22:24:00 CDT / 1540351440 --> <row><v>NaN</v></row>
			<!-- 2018-10-23 22:30:00 CDT / 1540351800 --> <row><v>NaN</v></row>
			<!-- 2018-10-23 22:36:00 CDT / 1540352160 --> <row><v>NaN</v></row>
			<!-- 2018-10-23 22:42:00 CDT / 1540352520 --> <row><v>NaN</v></row>
			<!-- 2018-10-23 22:48:00 CDT / 1540352880 --> <row><v>NaN</v></row>
			<!-- 2018-10-23 22:54:00 CDT / 1540353240 --> <row><v>NaN</v></row>
			<!-- 2018-10-23 23:00:00 CDT / 1540353600 --> <row><v>NaN</v></row>
			<!-- 2018-10-23 23:06:00 CDT / 1540353960 --> <row><v>NaN</v></row>
			<!-- 2018-10-23 23:12:00 CDT / 1540354320 --> <row><v>NaN</v></row>
			<!-- 2018-10-23 23:18:00 CDT / 1540354680 --> <row><v>NaN</v></row>
			<!-- 2018-10-23 23:24:00 CDT / 1540355040 --> <row><v>NaN</v></row>
			<!-- 2018-10-23 23:30:00 CDT / 1540355400 --> <row><v>NaN</v></row>
			<!-- 2018-10-23 23:36:00 CDT / 1540355760 --> <row><v>NaN</v></row>
			<!-- 2018-10-23 23:42:00 CDT / 1540356120 --> <row><v>NaN</v></row>
			<!-- 2018-10-23 23:48:00 CDT / 1540356480 --> <row><v>NaN</v></row>
			<!-- 2018-10-23 23:54:00 CDT / 1540356840 --> <row><v>NaN</v></row>
			<!-- 2018-10-24 00:00:00 CDT / 1540357200 --> <row><v>NaN</v></row>
			<!-- 2018-10-24 00:06:00 CDT / 1540357560 --> <row><v>NaN</v></row>
			<!-- 2018-10-24 00:12:00 CDT / 1540357920 --> <row><v>NaN</v></row>
			<!-- 2018-10-24 00:18:00 CDT / 1540358280 --> <row><v>NaN</v></row>
			<!-- 2018-10-24 00:24:00 CDT / 1540358640 --> <row><v>NaN</v></row>
			<!-- 2018-10-24 00:30:00 CDT / 1540359000 --> <row><v>NaN</v></row>
			<!-- 2018-10-24 00:36:00 CDT / 1540359360 --> <row><v>NaN</v></row>
			<!-- 2018-10-24 00:42:00 CDT / 1540359720 --> <row><v>NaN</v></row>
			<!-- 2018-10-24 00:48:00 CDT / 1540360080 --> <row><v>NaN</v></row>
			<!-- 2018-10-24 00:54:00 CDT / 1540360440 --> <row><v>NaN</v></row>
			<!-- 2018-10-24 01:00:00 CDT / 1540360800 --> <row><v>NaN</v></row>
			<!-- 2018-10-24 01:06:00 CDT / 1540361160 --> <row><v>NaN</v></row>
			<!-- 2018-10-24 01:12:00 CDT / 1540361520 --> <row><v>NaN</v></row>
			<!-- 2018-10-24 01:18:00 CDT / 1540361880 --> <row><v>NaN</v></row>
			<!-- 2018-10-24 01:24:00 CDT / 1540362240 --> <row><v>NaN</v></row>
			<!-- 2018-10-24 01:30:00 CDT / 1540362600 --> <row><v>NaN</v></row>
			<!-- 2018-10-24 01:36:00 CDT / 1540362960 --> <row><v>NaN</v></row>
			<!-- 2018-10-24 01:42:00 CDT / 1540363320 --> <row><v>NaN</v></row>
			<!-- 2018-10-24 01:48:00 CDT / 1540363680 --> <row><v>NaN</v></row>
			<!-- 2018-10-24 01:54:00 CDT / 1540364040 --> <row><v>NaN</v></row>
			<!-- 2018-10-24 02:00:00 CDT / 1540364400 --> <row><v>NaN</v></row>
			<!-- 2018-10-24 02:06:00 CDT / 1540364760 --> <row><v>NaN</v></row>
			<!-- 2018-10-24 02:12:00 CDT / 1540365120 --> <row><v>NaN</v></row>
			<!-- 2018-10-24 02:18:00 CDT / 1540365480 --> <row><v>NaN</v></row>
			<!-- 2018-10-24 02:24:00 CDT / 1540365840 --> <row><v>NaN</v></row>
			<!-- 2018-10-24 02:30:00 CDT / 1540366200 --> <row><v>NaN</v></row>
			<!-- 2018-10-24 02:36:00 CDT / 1540366560 --> <row><v>NaN</v></row>
			<!-- 2018-10-24 02:42:00 CDT / 1540366920 --> <row><v>NaN</v></row>
			<!-- 2018-10-24 02:48:00 CDT / 1540367280 --> <row><v>NaN</v></row>
			<!-- 2018-10-24 02:54:00 CDT / 1540367640 --> <row><v>NaN</v></row>
			<!-- 2018-10-24 03:00:00 CDT / 1540368000 --> <row><v>NaN</v></row>
			<!-- 2018-10-24 03:06:00 CDT / 1540368360 --> <row><v>NaN</v></row>
			<!-- 2018-10-24 03:12:00 CDT / 1540368720 --> <row><v>NaN</v></row>
			<!-- 2018-10-24 03:18:00 CDT / 1540369080 --> <row><v>NaN</v></row>
			<!-- 2018-10-24 03:24:00 CDT / 1540369440 --> <row><v>NaN</v></row>
			<!-- 2018-10-24 03:30:00 CDT / 1540369800 --> <row><v>NaN</v></row>
			<!-- 2018-10-24 03:36:00 CDT / 1540370160 --> <row><v>NaN</v></row>
			<!-- 2018-10-24 03:42:00 CDT / 1540370520 --> <row><v>NaN</v></row>
			<!-- 2018-10-24 03:48:00 CDT / 1540370880 --> <row><v>NaN</v></row>
			<!-- 2018-10-24 03:54:00 CDT / 1540371240 --> <row><v>NaN</v></row>
			<!-- 2018-10-24 04:00:00 CDT / 1540371600 --> <row><v>NaN</v></row>
			<!-- 2018-10-24 04:06:00 CDT / 1540371960 --> <row><v>NaN</v></row>
			<!-- 2018-10-24 04:12:00 CDT / 1540372320 --> <row><v>NaN</v></row>
			<!-- 2018-10-24 04:18:00 CDT / 1540372680 --> <row><v>NaN</v></row>
			<!-- 2018-10-24 04:24:00 CDT / 1540373040 --> <row><v>NaN</v></row>
			<!-- 2018-10-24 04:30:00 CDT / 1540373400 --> <row><v>NaN</v></row>
			<!-- 2018-10-24 04:36:00 CDT / 1540373760 --> <row><v>NaN</v></row>
			<!-- 2018-10-24 04:42:00 CDT / 1540374120 --> <row><v>NaN</v></row>
			<!-- 2018-10-24 04:48:00 CDT / 1540374480 --> <row><v>NaN</v></row>
			<!-- 2018-10-24 04:54:00 CDT / 1540374840 --> <row><v>NaN</v></row>
			<!-- 2018-10-24 05:00:00 CDT / 1540375200 --> <row><v>NaN</v></row>
			<!-- 2018-10-24 05:06:00 CDT / 1540375560 --> <row><v>NaN</v></row>
			<!-- 2018-10-24 05:12:00 CDT / 1540375920 --> <row><v>NaN</v></row>
			<!-- 2018-10-24 05:18:00 CDT / 1540376280 --> <row><v>NaN</v></row>
			<!-- 2018-10-24 05:24:00 CDT / 1540376640 --> <row><v>NaN</v></row>
			<!-- 2018-10-24 05:30:00 CDT / 1540377000 --> <row><v>NaN</v></row>
			<!-- 2018-10-24 05:36:00 CDT / 1540377360 --> <row><v>NaN</v></row>
			<!-- 2018-10-24 05:42:00 CDT / 1540377720 --> <row><v>NaN</v></row>
			<!-- 2018-10-24 05:48:00 CDT / 1540378080 --> <row><v>NaN</v></row>
			<!-- 2018-10-24 05:54:00 CDT / 1540378440 --> <row><v>NaN</v></row>
			<!-- 2018-10-24 06:00:00 CDT / 1540378800 --> <row><v>NaN</v></row>
			<!-- 2018-10-24 06:06:00 CDT / 1540379160 --> <row><v>NaN</v></row>
			<!-- 2018-10-24 06:12:00 CDT / 1540379520 --> <row><v>NaN</v></row>
			<!-- 2018-10-24 06:18:00 CDT / 1540379880 --> <row><v>NaN</v></row>
			<!-- 2018-10-24 06:24:00 CDT / 1540380240 --> <row><v>NaN</v></row>
			<!-- 2018-10-24 06:30:00 CDT / 1540380600 --> <row><v>NaN</v></row>
			<!-- 2018-10-24 06:36:00 CDT / 1540380960 --> <row><v>NaN</v></row>
			<!-- 2018-10-24 06:42:00 CDT / 1540381320 --> <row><v>NaN</v></row>
			<!-- 2018-10-24 06:48:00 CDT / 1540381680 --> <row><v>NaN</v></row>
			<!-- 2018-10-24 06:54:00 CDT / 1540382040 --> <row><v>NaN</v></row>
			<!-- 2018-10-24 07:00:00 CDT / 1540382400 --> <row><v>NaN</v></row>
			<!-- 2018-10-24 07:06:00 CDT / 1540382760 --> <row><v>NaN</v></row>
			<!-- 2018-10-24 07:12:00 CDT / 1540383120 --> <row><v>NaN</v></row>
			<!-- 2018-10-24 07:18:00 CDT / 1540383480 --> <row><v>NaN</v></row>
			<!-- 2018-10-24 07:24:00 CDT / 1540383840 --> <row><v>NaN</v></row>
			<!-- 2018-10-24 07:30:00 CDT / 1540384200 --> <row><v>NaN</v></row>
			<!-- 2018-10-24 07:36:00 CDT / 1540384560 --> <row><v>NaN</v></row>
			<!-- 2018-10-24 07:42:00 CDT / 1540384920 --> <row><v>NaN</v></row>
			<!-- 2018-10-24 07:48:00 CDT / 1540385280 --> <row><v>NaN</v></row>
			<!-- 2018-10-24 07:54:00 CDT / 1540385640 --> <row><v>NaN</v></row>
			<!-- 2018-10-24 08:00:00 CDT / 1540386000 --> <row><v>NaN</v></row>
			<!-- 2018-10-24 08:06:00 CDT / 1540386360 --> <row><v>NaN</v></row>
			<!-- 2018-10-24 08:12:00 CDT / 1540386720 --> <row><v>NaN</v></row>
			<!-- 2018-10-24 08:18:00 CDT / 1540387080 --> <row><v>NaN</v></row>
			<!-- 2018-10-24 08:24:00 CDT / 1540387440 --> <row><v>NaN</v></row>
			<!-- 2018-10-24 08:30:00 CDT / 1540387800 --> <row><v>NaN</v></row>
			<!-- 2018-10-24 08:36:00 CDT / 1540388160 --> <row><v>NaN</v></row>
			<!-- 2018-10-24 08:42:00 CDT / 1540388520 --> <row><v>NaN</v></row>
			<!-- 2018-10-24 08:48:00 CDT / 1540388880 --> <row><v>NaN</v></row>
			<!-- 2018-10-24 08:54:00 CDT / 1540389240 --> <row><v>NaN</v></row>
			<!-- 2018-10-24 09:00:00 CDT / 1540389600 --> <row><v>NaN</v></row>
			<!-- 2018-10-24 09:06:00 CDT / 1540389960 --> <row><v>NaN</v></row>
			<!-- 2018-10-24 09:12:00 CDT / 1540390320 --> <row><v>NaN</v></row>
			<!-- 2018-10-24 09:18:00 CDT / 1540390680 --> <row><v>NaN</v></row>
			<!-- 2018-10-24 09:24:00 CDT / 1540391040 --> <row><v>NaN</v></row>
			<!-- 2018-10-24 09:30:00 CDT / 1540391400 --> <row><v>NaN</v></row>
			<!-- 2018-10-24 09:36:00 CDT / 1540391760 --> <row><v>NaN</v></row>
			<!-- 2018-10-24 09:42:00 CDT / 1540392120 --> <row><v>NaN</v></row>
			<!-- 2018-10-24 09:48:00 CDT / 1540392480 --> <row><v>NaN</v></row>
			<!-- 2018-10-24 09:54:00 CDT / 1540392840 --> <row><v>NaN</v></row>
			<!-- 2018-10-24 10:00:00 CDT / 1540393200 --> <row><v>NaN</v></row>
			<!-- 2018-10-24 10:06:00 CDT / 1540393560 --> <row><v>NaN</v></row>
			<!-- 2018-10-24 10:12:00 CDT / 1540393920 --> <row><v>NaN</v></row>
			<!-- 2018-10-24 10:18:00 CDT / 1540394280 --> <row><v>NaN</v></row>
			<!-- 2018-10-24 10:24:00 CDT / 1540394640 --> <row><v>NaN</v></row>
			<!-- 2018-10-24 10:30:00 CDT / 1540395000 --> <row><v>NaN</v></row>
			<!-- 2018-10-24 10:36:00 CDT / 1540395360 --> <row><v>NaN</v></row>
			<!-- 2018-10-24 10:42:00 CDT / 1540395720 --> <row><v>NaN</v></row>
			<!-- 2018-10-24 10:48:00 CDT / 1540396080 --> <row><v>NaN</v></row>
			<!-- 2018-10-24 10:54:00 CDT / 1540396440 --> <row><v>NaN</v></row>
			<!-- 2018-10-24 11:00:00 CDT / 1540396800 --> <row><v>NaN</v></row>
			<!-- 2018-10-24 11:06:00 CDT / 1540397160 --> <row><v>NaN</v></row>
			<!-- 2018-10-24 11:12:00 CDT / 1540397520 --> <row><v>NaN</v></row>
			<!-- 2018-10-24 11:18:00 CDT / 1540397880 --> <row><v>NaN</v></row>
			<!-- 2018-10-24 11:24:00 CDT / 1540398240 --> <row><v>NaN</v></row>
			<!-- 2018-10-24 11:30:00 CDT / 1540398600 --> <row><v>NaN</v></row>
			<!-- 2018-10-24 11:36:00 CDT / 1540398960 --> <row><v>NaN</v></row>
			<!-- 2018-10-24 11:42:00 CDT / 1540399320 --> <row><v>NaN</v></row>
			<!-- 2018-10-24 11:48:00 CDT / 1540399680 --> <row><v>NaN</v></row>
			<!-- 2018-10-24 11:54:00 CDT / 1540400040 --> <row><v>NaN</v></row>
			<!-- 2018-10-24 12:00:00 CDT / 1540400400 --> <row><v>NaN</v></row>
			<!-- 2018-10-24 12:06:00 CDT / 1540400760 --> <row><v>NaN</v></row>
			<!-- 2018-10-24 12:12:00 CDT / 1540401120 --> <row><v>NaN</v></row>
			<!-- 2018-10-24 12:18:00 CDT / 1540401480 --> <row><v>NaN</v></row>
			<!-- 2018-10-24 12:24:00 CDT / 1540401840 --> <row><v>NaN</v></row>
			<!-- 2018-10-24 12:30:00 CDT / 1540402200 --> <row><v>NaN</v></row>
			<!-- 2018-10-24 12:36:00 CDT / 1540402560 --> <row><v>NaN</v></row>
			<!-- 2018-10-24 12:42:00 CDT / 1540402920 --> <row><v>NaN</v></row>
			<!-- 2018-10-24 12:48:00 CDT / 1540403280 --> <row><v>NaN</v></row>
			<!-- 2018-10-24 12:54:00 CDT / 1540403640 --> <row><v>NaN</v></row>
			<!-- 2018-10-24 13:00:00 CDT / 1540404000 --> <row><v>NaN</v></row>
			<!-- 2018-10-24 13:06:00 CDT / 1540404360 --> <row><v>NaN</v></row>
			<!-- 2018-10-24 13:12:00 CDT / 1540404720 --> <row><v>NaN</v></row>
			<!-- 2018-10-24 13:18:00 CDT / 1540405080 --> <row><v>NaN</v></row>
			<!-- 2018-10-24 13:24:00 CDT / 1540405440 --> <row><v>NaN</v></row>
			<!-- 2018-10-24 13:30:00 CDT / 1540405800 --> <row><v>NaN</v></row>
			<!-- 2018-10-24 13:36:00 CDT / 1540406160 --> <row><v>NaN</v></row>
			<!-- 2018-10-24 13:42:00 CDT / 1540406520 --> <row><v>NaN</v></row>
			<!-- 2018-10-24 13:48:00 CDT / 1540406880 --> <row><v>NaN</v></row>
			<!-- 2018-10-24 13:54:00 CDT / 1540407240 --> <row><v>NaN</v></row>
			<!-- 2018-10-24 14:00:00 CDT / 1540407600 --> <row><v>NaN</v></row>
			<!-- 2018-10-24 14:06:00 CDT / 1540407960 --> <row><v>NaN</v></row>
			<!-- 2018-10-24 14:12:00 CDT / 1540408320 --> <row><v>NaN</v></row>
			<!-- 2018-10-24 14:18:00 CDT / 1540408680 --> <row><v>NaN</v></row>
			<!-- 2018-10-24 14:24:00 CDT / 1540409040 --> <row><v>NaN</v></row>
			<!-- 2018-10-24 14:30:00 CDT / 1540409400 --> <row><v>NaN</v></row>
			<!-- 2018-10-24 14:36:00 CDT / 1540409760 --> <row><v>3.8648578103e+01</v></row>
			<!-- 2018-10-24 14:42:00 CDT / 1540410120 --> <row><v>NaN</v></row>
			<!-- 2018-10-24 14:48:00 CDT / 1540410480 --> <row><v>NaN</v></row>
			<!-- 2018-10-24 14:54:00 CDT / 1540410840 --> <row><v>NaN</v></row>
			<!-- 2018-10-24 15:00:00 CDT / 1540411200 --> <row><v>NaN</v></row>
			<!-- 2018-10-24 15:06:00 CDT / 1540411560 --> <row><v>NaN</v></row>
			<!-- 2018-10-24 15:12:00 CDT / 1540411920 --> <row><v>NaN</v></row>
			<!-- 2018-10-24 15:18:00 CDT / 1540412280 --> <row><v>NaN</v></row>
			<!-- 2018-10-24 15:24:00 CDT / 1540412640 --> <row><v>NaN</v></row>
			<!-- 2018-10-24 15:30:00 CDT / 1540413000 --> <row><v>NaN</v></row>
			<!-- 2018-10-24 15:36:00 CDT / 1540413360 --> <row><v>NaN</v></row>
			<!-- 2018-10-24 15:42:00 CDT / 1540413720 --> <row><v>NaN</v></row>
			<!-- 2018-10-24 15:48:00 CDT / 1540414080 --> <row><v>NaN</v></row>
			<!-- 2018-10-24 15:54:00 CDT / 1540414440 --> <row><v>NaN</v></row>
			<!-- 2018-10-24 16:00:00 CDT / 1540414800 --> <row><v>NaN</v></row>
			<!-- 2018-10-24 16:06:00 CDT / 1540415160 --> <row><v>NaN</v></row>
			<!-- 2018-10-24 16:12:00 CDT / 1540415520 --> <row><v>NaN</v></row>
			<!-- 2018-10-24 16:18:00 CDT / 1540415880 --> <row><v>NaN</v></row>
			<!-- 2018-10-24 16:24:00 CDT / 1540416240 --> <row><v>NaN</v></row>
			<!-- 2018-10-24 16:30:00 CDT / 1540416600 --> <row><v>NaN</v></row>
			<!-- 2018-10-24 16:36:00 CDT / 1540416960 --> <row><v>NaN</v></row>
			<!-- 2018-10-24 16:42:00 CDT / 1540417320 --> <row><v>NaN</v></row>
			<!-- 2018-10-24 16:48:00 CDT / 1540417680 --> <row><v>NaN</v></row>
			<!-- 2018-10-24 16:54:00 CDT / 1540418040 --> <row><v>NaN</v></row>
			<!-- 2018-10-24 17:00:00 CDT / 1540418400 --> <row><v>NaN</v></row>
			<!-- 2018-10-24 17:06:00 CDT / 1540418760 --> <row><v>NaN</v></row>
			<!-- 2018-10-24 17:12:00 CDT / 1540419120 --> <row><v>NaN</v></row>
			<!-- 2018-10-24 17:18:00 CDT / 1540419480 --> <row><v>NaN</v></row>
			<!-- 2018-10-24 17:24:00 CDT / 1540419840 --> <row><v>NaN</v></row>
			<!-- 2018-10-24 17:30:00 CDT / 1540420200 --> <row><v>NaN</v></row>
			<!-- 2018-10-24 17:36:00 CDT / 1540420560 --> <row><v>NaN</v></row>
			<!-- 2018-10-24 17:42:00 CDT / 1540420920 --> <row><v>3.1134217462e+01</v></row>
			<!-- 2018-10-24 17:48:00 CDT / 1540421280 --> <row><v>4.0155864372e+01</v></row>
			<!-- 2018-10-24 17:54:00 CDT / 1540421640 --> <row><v>3.2969485269e+01</v></row>
			<!-- 2018-10-24 18:00:00 CDT / 1540422000 --> <row><v>4.0106971686e+01</v></row>
			<!-- 2018-10-24 18:06:00 CDT / 1540422360 --> <row><v>2.4492700339e+01</v></row>
			<!-- 2018-10-24 18:12:00 CDT / 1540422720 --> <row><v>3.2341847128e+01</v></row>
			<!-- 2018-10-24 18:18:00 CDT / 1540423080 --> <row><v>3.5010202619e+01</v></row>
			<!-- 2018-10-24 18:24:00 CDT / 1540423440 --> <row><v>3.3231731899e+01</v></row>
			<!-- 2018-10-24 18:30:00 CDT / 1540423800 --> <row><v>3.3002703385e+01</v></row>
			<!-- 2018-10-24 18:36:00 CDT / 1540424160 --> <row><v>5.2810310111e+01</v></row>
			<!-- 2018-10-24 18:42:00 CDT / 1540424520 --> <row><v>NaN</v></row>
			<!-- 2018-10-24 18:48:00 CDT / 1540424880 --> <row><v>NaN</v></row>
			<!-- 2018-10-24 18:54:00 CDT / 1540425240 --> <row><v>NaN</v></row>
			<!-- 2018-10-24 19:00:00 CDT / 1540425600 --> <row><v>NaN</v></row>
			<!-- 2018-10-24 19:06:00 CDT / 1540425960 --> <row><v>NaN</v></row>
			<!-- 2018-10-24 19:12:00 CDT / 1540426320 --> <row><v>NaN</v></row>
			<!-- 2018-10-24 19:18:00 CDT / 1540426680 --> <row><v>NaN</v></row>
			<!-- 2018-10-24 19:24:00 CDT / 1540427040 --> <row><v>NaN</v></row>
			<!-- 2018-10-24 19:30:00 CDT / 1540427400 --> <row><v>NaN</v></row>
			<!-- 2018-10-24 19:36:00 CDT / 1540427760 --> <row><v>NaN</v></row>
			<!-- 2018-10-24 19:42:00 CDT / 1540428120 --> <row><v>NaN</v></row>
			<!-- 2018-10-24 19:48:00 CDT / 1540428480 --> <row><v>NaN</v></row>
			<!-- 2018-10-24 19:54:00 CDT / 1540428840 --> <row><v>NaN</v></row>
			<!-- 2018-10-24 20:00:00 CDT / 1540429200 --> <row><v>NaN</v></row>
			<!-- 2018-10-24 20:06:00 CDT / 1540429560 --> <row><v>NaN</v></row>
			<!-- 2018-10-24 20:12:00 CDT / 1540429920 --> <row><v>NaN</v></row>
			<!-- 2018-10-24 20:18:00 CDT / 1540430280 --> <row><v>NaN</v></row>
			<!-- 2018-10-24 20:24:00 CDT / 1540430640 --> <row><v>NaN</v></row>
			<!-- 2018-10-24 20:30:00 CDT / 1540431000 --> <row><v>NaN</v></row>
			<!-- 2018-10-24 20:36:00 CDT / 1540431360 --> <row><v>NaN</v></row>
			<!-- 2018-10-24 20:42:00 CDT / 1540431720 --> <row><v>NaN</v></row>
			<!-- 2018-10-24 20:48:00 CDT / 1540432080 --> <row><v>NaN</v></row>
			<!-- 2018-10-24 20:54:00 CDT / 1540432440 --> <row><v>NaN</v></row>
			<!-- 2018-10-24 21:00:00 CDT / 1540432800 --> <row><v>NaN</v></row>
			<!-- 2018-10-24 21:06:00 CDT / 1540433160 --> <row><v>NaN</v></row>
			<!-- 2018-10-24 21:12:00 CDT / 1540433520 --> <row><v>NaN</v></row>
			<!-- 2018-10-24 21:18:00 CDT / 1540433880 --> <row><v>NaN</v></row>
			<!-- 2018-10-24 21:24:00 CDT / 1540434240 --> <row><v>NaN</v></row>
			<!-- 2018-10-24 21:30:00 CDT / 1540434600 --> <row><v>NaN</v></row>
			<!-- 2018-10-24 21:36:00 CDT / 1540434960 --> <row><v>NaN</v></row>
			<!-- 2018-10-24 21:42:00 CDT / 1540435320 --> <row><v>NaN</v></row>
			<!-- 2018-10-24 21:48:00 CDT / 1540435680 --> <row><v>NaN</v></row>
			<!-- 2018-10-24 21:54:00 CDT / 1540436040 --> <row><v>NaN</v></row>
			<!-- 2018-10-24 22:00:00 CDT / 1540436400 --> <row><v>NaN</v></row>
			<!-- 2018-10-24 22:06:00 CDT / 1540436760 --> <row><v>NaN</v></row>
			<!-- 2018-10-24 22:12:00 CDT / 1540437120 --> <row><v>NaN</v></row>
			<!-- 2018-10-24 22:18:00 CDT / 1540437480 --> <row><v>NaN</v></row>
			<!-- 2018-10-24 22:24:00 CDT / 1540437840 --> <row><v>NaN</v></row>
			<!-- 2018-10-24 22:30:00 CDT / 1540438200 --> <row><v>NaN</v></row>
			<!-- 2018-10-24 22:36:00 CDT / 1540438560 --> <row><v>NaN</v></row>
			<!-- 2018-10-24 22:42:00 CDT / 1540438920 --> <row><v>NaN</v></row>
			<!-- 2018-10-24 22:48:00 CDT / 1540439280 --> <row><v>NaN</v></row>
			<!-- 2018-10-24 22:54:00 CDT / 1540439640 --> <row><v>NaN</v></row>
			<!-- 2018-10-24 23:00:00 CDT / 1540440000 --> <row><v>NaN</v></row>
			<!-- 2018-10-24 23:06:00 CDT / 1540440360 --> <row><v>NaN</v></row>
			<!-- 2018-10-24 23:12:00 CDT / 1540440720 --> <row><v>NaN</v></row>
			<!-- 2018-10-24 23:18:00 CDT / 1540441080 --> <row><v>NaN</v></row>
			<!-- 2018-10-24 23:24:00 CDT / 1540441440 --> <row><v>NaN</v></row>
			<!-- 2018-10-24 23:30:00 CDT / 1540441800 --> <row><v>NaN</v></row>
			<!-- 2018-10-24 23:36:00 CDT / 1540442160 --> <row><v>NaN</v></row>
			<!-- 2018-10-24 23:42:00 CDT / 1540442520 --> <row><v>NaN</v></row>
			<!-- 2018-10-24 23:48:00 CDT / 1540442880 --> <row><v>NaN</v></row>
			<!-- 2018-10-24 23:54:00 CDT / 1540443240 --> <row><v>NaN</v></row>
			<!-- 2018-10-25 00:00:00 CDT / 1540443600 --> <row><v>NaN</v></row>
			<!-- 2018-10-25 00:06:00 CDT / 1540443960 --> <row><v>NaN</v></row>
			<!-- 2018-10-25 00:12:00 CDT / 1540444320 --> <row><v>NaN</v></row>
			<!-- 2018-10-25 00:18:00 CDT / 1540444680 --> <row><v>NaN</v></row>
			<!-- 2018-10-25 00:24:00 CDT / 1540445040 --> <row><v>NaN</v></row>
			<!-- 2018-10-25 00:30:00 CDT / 1540445400 --> <row><v>NaN</v></row>
			<!-- 2018-10-25 00:36:00 CDT / 1540445760 --> <row><v>NaN</v></row>
			<!-- 2018-10-25 00:42:00 CDT / 1540446120 --> <row><v>NaN</v></row>
			<!-- 2018-10-25 00:48:00 CDT / 1540446480 --> <row><v>NaN</v></row>
			<!-- 2018-10-25 00:54:00 CDT / 1540446840 --> <row><v>NaN</v></row>
			<!-- 2018-10-25 01:00:00 CDT / 1540447200 --> <row><v>NaN</v></row>
			<!-- 2018-10-25 01:06:00 CDT / 1540447560 --> <row><v>NaN</v></row>
			<!-- 2018-10-25 01:12:00 CDT / 1540447920 --> <row><v>NaN</v></row>
			<!-- 2018-10-25 01:18:00 CDT / 1540448280 --> <row><v>NaN</v></row>
			<!-- 2018-10-25 01:24:00 CDT / 1540448640 --> <row><v>NaN</v></row>
			<!-- 2018-10-25 01:30:00 CDT / 1540449000 --> <row><v>NaN</v></row>
			<!-- 2018-10-25 01:36:00 CDT / 1540449360 --> <row><v>NaN</v></row>
			<!-- 2018-10-25 01:42:00 CDT / 1540449720 --> <row><v>NaN</v></row>
			<!-- 2018-10-25 01:48:00 CDT / 1540450080 --> <row><v>NaN</v></row>
			<!-- 2018-10-25 01:54:00 CDT / 1540450440 --> <row><v>NaN</v></row>
			<!-- 2018-10-25 02:00:00 CDT / 1540450800 --> <row><v>NaN</v></row>
			<!-- 2018-10-25 02:06:00 CDT / 1540451160 --> <row><v>NaN</v></row>
			<!-- 2018-10-25 02:12:00 CDT / 1540451520 --> <row><v>NaN</v></row>
			<!-- 2018-10-25 02:18:00 CDT / 1540451880 --> <row><v>NaN</v></row>
			<!-- 2018-10-25 02:24:00 CDT / 1540452240 --> <row><v>NaN</v></row>
			<!-- 2018-10-25 02:30:00 CDT / 1540452600 --> <row><v>NaN</v></row>
			<!-- 2018-10-25 02:36:00 CDT / 1540452960 --> <row><v>NaN</v></row>
			<!-- 2018-10-25 02:42:00 CDT / 1540453320 --> <row><v>NaN</v></row>
			<!-- 2018-10-25 02:48:00 CDT / 1540453680 --> <row><v>NaN</v></row>
			<!-- 2018-10-25 02:54:00 CDT / 1540454040 --> <row><v>NaN</v></row>
			<!-- 2018-10-25 03:00:00 CDT / 1540454400 --> <row><v>NaN</v></row>
			<!-- 2018-10-25 03:06:00 CDT / 1540454760 --> <row><v>NaN</v></row>
			<!-- 2018-10-25 03:12:00 CDT / 1540455120 --> <row><v>NaN</v></row>
			<!-- 2018-10-25 03:18:00 CDT / 1540455480 --> <row><v>NaN</v></row>
			<!-- 2018-10-25 03:24:00 CDT / 1540455840 --> <row><v>NaN</v></row>
			<!-- 2018-10-25 03:30:00 CDT / 1540456200 --> <row><v>NaN</v></row>
			<!-- 2018-10-25 03:36:00 CDT / 1540456560 --> <row><v>NaN</v></row>
			<!-- 2018-10-25 03:42:00 CDT / 1540456920 --> <row><v>NaN</v></row>
			<!-- 2018-10-25 03:48:00 CDT / 1540457280 --> <row><v>NaN</v></row>
			<!-- 2018-10-25 03:54:00 CDT / 1540457640 --> <row><v>NaN</v></row>
			<!-- 2018-10-25 04:00:00 CDT / 1540458000 --> <row><v>NaN</v></row>
			<!-- 2018-10-25 04:06:00 CDT / 1540458360 --> <row><v>NaN</v></row>
			<!-- 2018-10-25 04:12:00 CDT / 1540458720 --> <row><v>NaN</v></row>
			<!-- 2018-10-25 04:18:00 CDT / 1540459080 --> <row><v>NaN</v></row>
			<!-- 2018-10-25 04:24:00 CDT / 1540459440 --> <row><v>NaN</v></row>
			<!-- 2018-10-25 04:30:00 CDT / 1540459800 --> <row><v>NaN</v></row>
			<!-- 2018-10-25 04:36:00 CDT / 1540460160 --> <row><v>NaN</v></row>
			<!-- 2018-10-25 04:42:00 CDT / 1540460520 --> <row><v>NaN</v></row>
			<!-- 2018-10-25 04:48:00 CDT / 1540460880 --> <row><v>NaN</v></row>
			<!-- 2018-10-25 04:54:00 CDT / 1540461240 --> <row><v>NaN</v></row>
			<!-- 2018-10-25 05:00:00 CDT / 1540461600 --> <row><v>NaN</v></row>
			<!-- 2018-10-25 05:06:00 CDT / 1540461960 --> <row><v>NaN</v></row>
			<!-- 2018-10-25 05:12:00 CDT / 1540462320 --> <row><v>NaN</v></row>
			<!-- 2018-10-25 05:18:00 CDT / 1540462680 --> <row><v>NaN</v></row>
			<!-- 2018-10-25 05:24:00 CDT / 1540463040 --> <row><v>NaN</v></row>
			<!-- 2018-10-25 05:30:00 CDT / 1540463400 --> <row><v>NaN</v></row>
			<!-- 2018-10-25 05:36:00 CDT / 1540463760 --> <row><v>NaN</v></row>
			<!-- 2018-10-25 05:42:00 CDT / 1540464120 --> <row><v>NaN</v></row>
			<!-- 2018-10-25 05:48:00 CDT / 1540464480 --> <row><v>NaN</v></row>
			<!-- 2018-10-25 05:54:00 CDT / 1540464840 --> <row><v>NaN</v></row>
			<!-- 2018-10-25 06:00:00 CDT / 1540465200 --> <row><v>NaN</v></row>
			<!-- 2018-10-25 06:06:00 CDT / 1540465560 --> <row><v>NaN</v></row>
			<!-- 2018-10-25 06:12:00 CDT / 1540465920 --> <row><v>NaN</v></row>
			<!-- 2018-10-25 06:18:00 CDT / 1540466280 --> <row><v>NaN</v></row>
			<!-- 2018-10-25 06:24:00 CDT / 1540466640 --> <row><v>NaN</v></row>
			<!-- 2018-10-25 06:30:00 CDT / 1540467000 --> <row><v>NaN</v></row>
			<!-- 2018-10-25 06:36:00 CDT / 1540467360 --> <row><v>NaN</v></row>
			<!-- 2018-10-25 06:42:00 CDT / 1540467720 --> <row><v>NaN</v></row>
			<!-- 2018-10-25 06:48:00 CDT / 1540468080 --> <row><v>NaN</v></row>
			<!-- 2018-10-25 06:54:00 CDT / 1540468440 --> <row><v>NaN</v></row>
			<!-- 2018-10-25 07:00:00 CDT / 1540468800 --> <row><v>NaN</v></row>
			<!-- 2018-10-25 07:06:00 CDT / 1540469160 --> <row><v>NaN</v></row>
			<!-- 2018-10-25 07:12:00 CDT / 1540469520 --> <row><v>NaN</v></row>
			<!-- 2018-10-25 07:18:00 CDT / 1540469880 --> <row><v>NaN</v></row>
			<!-- 2018-10-25 07:24:00 CDT / 1540470240 --> <row><v>NaN</v></row>
			<!-- 2018-10-25 07:30:00 CDT / 1540470600 --> <row><v>NaN</v></row>
			<!-- 2018-10-25 07:36:00 CDT / 1540470960 --> <row><v>NaN</v></row>
			<!-- 2018-10-25 07:42:00 CDT / 1540471320 --> <row><v>NaN</v></row>
			<!-- 2018-10-25 07:48:00 CDT / 1540471680 --> <row><v>NaN</v></row>
			<!-- 2018-10-25 07:54:00 CDT / 1540472040 --> <row><v>NaN</v></row>
			<!-- 2018-10-25 08:00:00 CDT / 1540472400 --> <row><v>NaN</v></row>
			<!-- 2018-10-25 08:06:00 CDT / 1540472760 --> <row><v>NaN</v></row>
			<!-- 2018-10-25 08:12:00 CDT / 1540473120 --> <row><v>NaN</v></row>
			<!-- 2018-10-25 08:18:00 CDT / 1540473480 --> <row><v>NaN</v></row>
			<!-- 2018-10-25 08:24:00 CDT / 1540473840 --> <row><v>NaN</v></row>
			<!-- 2018-10-25 08:30:00 CDT / 1540474200 --> <row><v>NaN</v></row>
			<!-- 2018-10-25 08:36:00 CDT / 1540474560 --> <row><v>NaN</v></row>
			<!-- 2018-10-25 08:42:00 CDT / 1540474920 --> <row><v>NaN</v></row>
			<!-- 2018-10-25 08:48:00 CDT / 1540475280 --> <row><v>NaN</v></row>
			<!-- 2018-10-25 08:54:00 CDT / 1540475640 --> <row><v>NaN</v></row>
			<!-- 2018-10-25 09:00:00 CDT / 1540476000 --> <row><v>NaN</v></row>
			<!-- 2018-10-25 09:06:00 CDT / 1540476360 --> <row><v>NaN</v></row>
			<!-- 2018-10-25 09:12:00 CDT / 1540476720 --> <row><v>NaN</v></row>
			<!-- 2018-10-25 09:18:00 CDT / 1540477080 --> <row><v>NaN</v></row>
			<!-- 2018-10-25 09:24:00 CDT / 1540477440 --> <row><v>NaN</v></row>
			<!-- 2018-10-25 09:30:00 CDT / 1540477800 --> <row><v>NaN</v></row>
			<!-- 2018-10-25 09:36:00 CDT / 1540478160 --> <row><v>NaN</v></row>
			<!-- 2018-10-25 09:42:00 CDT / 1540478520 --> <row><v>NaN</v></row>
			<!-- 2018-10-25 09:48:00 CDT / 1540478880 --> <row><v>NaN</v></row>
			<!-- 2018-10-25 09:54:00 CDT / 1540479240 --> <row><v>NaN</v></row>
			<!-- 2018-10-25 10:00:00 CDT / 1540479600 --> <row><v>NaN</v></row>
			<!-- 2018-10-25 10:06:00 CDT / 1540479960 --> <row><v>NaN</v></row>
			<!-- 2018-10-25 10:12:00 CDT / 1540480320 --> <row><v>NaN</v></row>
			<!-- 2018-10-25 10:18:00 CDT / 1540480680 --> <row><v>NaN</v></row>
			<!-- 2018-10-25 10:24:00 CDT / 1540481040 --> <row><v>NaN</v></row>
			<!-- 2018-10-25 10:30:00 CDT / 1540481400 --> <row><v>NaN</v></row>
			<!-- 2018-10-25 10:36:00 CDT / 1540481760 --> <row><v>NaN</v></row>
			<!-- 2018-10-25 10:42:00 CDT / 1540482120 --> <row><v>NaN</v></row>
			<!-- 2018-10-25 10:48:00 CDT / 1540482480 --> <row><v>NaN</v></row>
			<!-- 2018-10-25 10:54:00 CDT / 1540482840 --> <row><v>NaN</v></row>
			<!-- 2018-10-25 11:00:00 CDT / 1540483200 --> <row><v>NaN</v></row>
			<!-- 2018-10-25 11:06:00 CDT / 1540483560 --> <row><v>NaN</v></row>
			<!-- 2018-10-25 11:12:00 CDT / 1540483920 --> <row><v>NaN</v></row>
			<!-- 2018-10-25 11:18:00 CDT / 1540484280 --> <row><v>NaN</v></row>
			<!-- 2018-10-25 11:24:00 CDT / 1540484640 --> <row><v>NaN</v></row>
			<!-- 2018-10-25 11:30:00 CDT / 1540485000 --> <row><v>NaN</v></row>
			<!-- 2018-10-25 11:36:00 CDT / 1540485360 --> <row><v>NaN</v></row>
			<!-- 2018-10-25 11:42:00 CDT / 1540485720 --> <row><v>NaN</v></row>
			<!-- 2018-10-25 11:48:00 CDT / 1540486080 --> <row><v>NaN</v></row>
			<!-- 2018-10-25 11:54:00 CDT / 1540486440 --> <row><v>NaN</v></row>
			<!-- 2018-10-25 12:00:00 CDT / 1540486800 --> <row><v>NaN</v></row>
			<!-- 2018-10-25 12:06:00 CDT / 1540487160 --> <row><v>NaN</v></row>
			<!-- 2018-10-25 12:12:00 CDT / 1540487520 --> <row><v>NaN</v></row>
			<!-- 2018-10-25 12:18:00 CDT / 1540487880 --> <row><v>NaN</v></row>
			<!-- 2018-10-25 12:24:00 CDT / 1540488240 --> <row><v>NaN</v></row>
			<!-- 2018-10-25 12:30:00 CDT / 1540488600 --> <row><v>NaN</v></row>
			<!-- 2018-10-25 12:36:00 CDT / 1540488960 --> <row><v>NaN</v></row>
			<!-- 2018-10-25 12:42:00 CDT / 1540489320 --> <row><v>NaN</v></row>
			<!-- 2018-10-25 12:48:00 CDT / 1540489680 --> <row><v>NaN</v></row>
			<!-- 2018-10-25 12:54:00 CDT / 1540490040 --> <row><v>NaN</v></row>
			<!-- 2018-10-25 13:00:00 CDT / 1540490400 --> <row><v>NaN</v></row>
			<!-- 2018-10-25 13:06:00 CDT / 1540490760 --> <row><v>NaN</v></row>
			<!-- 2018-10-25 13:12:00 CDT / 1540491120 --> <row><v>NaN</v></row>
			<!-- 2018-10-25 13:18:00 CDT / 1540491480 --> <row><v>NaN</v></row>
			<!-- 2018-10-25 13:24:00 CDT / 1540491840 --> <row><v>NaN</v></row>
			<!-- 2018-10-25 13:30:00 CDT / 1540492200 --> <row><v>NaN</v></row>
			<!-- 2018-10-25 13:36:00 CDT / 1540492560 --> <row><v>NaN</v></row>
			<!-- 2018-10-25 13:42:00 CDT / 1540492920 --> <row><v>NaN</v></row>
			<!-- 2018-10-25 13:48:00 CDT / 1540493280 --> <row><v>NaN</v></row>
			<!-- 2018-10-25 13:54:00 CDT / 1540493640 --> <row><v>NaN</v></row>
			<!-- 2018-10-25 14:00:00 CDT / 1540494000 --> <row><v>NaN</v></row>
			<!-- 2018-10-25 14:06:00 CDT / 1540494360 --> <row><v>NaN</v></row>
			<!-- 2018-10-25 14:12:00 CDT / 1540494720 --> <row><v>NaN</v></row>
			<!-- 2018-10-25 14:18:00 CDT / 1540495080 --> <row><v>NaN</v></row>
			<!-- 2018-10-25 14:24:00 CDT / 1540495440 --> <row><v>NaN</v></row>
			<!-- 2018-10-25 14:30:00 CDT / 1540495800 --> <row><v>NaN</v></row>
			<!-- 2018-10-25 14:36:00 CDT / 1540496160 --> <row><v>NaN</v></row>
			<!-- 2018-10-25 14:42:00 CDT / 1540496520 --> <row><v>NaN</v></row>
			<!-- 2018-10-25 14:48:00 CDT / 1540496880 --> <row><v>NaN</v></row>
			<!-- 2018-10-25 14:54:00 CDT / 1540497240 --> <row><v>NaN</v></row>
			<!-- 2018-10-25 15:00:00 CDT / 1540497600 --> <row><v>NaN</v></row>
			<!-- 2018-10-25 15:06:00 CDT / 1540497960 --> <row><v>NaN</v></row>
			<!-- 2018-10-25 15:12:00 CDT / 1540498320 --> <row><v>NaN</v></row>
			<!-- 2018-10-25 15:18:00 CDT / 1540498680 --> <row><v>NaN</v></row>
			<!-- 2018-10-25 15:24:00 CDT / 1540499040 --> <row><v>NaN</v></row>
			<!-- 2018-10-25 15:30:00 CDT / 1540499400 --> <row><v>NaN</v></row>
			<!-- 2018-10-25 15:36:00 CDT / 1540499760 --> <row><v>NaN</v></row>
			<!-- 2018-10-25 15:42:00 CDT / 1540500120 --> <row><v>NaN</v></row>
			<!-- 2018-10-25 15:48:00 CDT / 1540500480 --> <row><v>NaN</v></row>
			<!-- 2018-10-25 15:54:00 CDT / 1540500840 --> <row><v>NaN</v></row>
			<!-- 2018-10-25 16:00:00 CDT / 1540501200 --> <row><v>NaN</v></row>
			<!-- 2018-10-25 16:06:00 CDT / 1540501560 --> <row><v>NaN</v></row>
			<!-- 2018-10-25 16:12:00 CDT / 1540501920 --> <row><v>NaN</v></row>
			<!-- 2018-10-25 16:18:00 CDT / 1540502280 --> <row><v>NaN</v></row>
			<!-- 2018-10-25 16:24:00 CDT / 1540502640 --> <row><v>NaN</v></row>
			<!-- 2018-10-25 16:30:00 CDT / 1540503000 --> <row><v>NaN</v></row>
			<!-- 2018-10-25 16:36:00 CDT / 1540503360 --> <row><v>NaN</v></row>
			<!-- 2018-10-25 16:42:00 CDT / 1540503720 --> <row><v>NaN</v></row>
			<!-- 2018-10-25 16:48:00 CDT / 1540504080 --> <row><v>NaN</v></row>
			<!-- 2018-10-25 16:54:00 CDT / 1540504440 --> <row><v>NaN</v></row>
			<!-- 2018-10-25 17:00:00 CDT / 1540504800 --> <row><v>NaN</v></row>
			<!-- 2018-10-25 17:06:00 CDT / 1540505160 --> <row><v>NaN</v></row>
			<!-- 2018-10-25 17:12:00 CDT / 1540505520 --> <row><v>NaN</v></row>
			<!-- 2018-10-25 17:18:00 CDT / 1540505880 --> <row><v>NaN</v></row>
			<!-- 2018-10-25 17:24:00 CDT / 1540506240 --> <row><v>NaN</v></row>
			<!-- 2018-10-25 17:30:00 CDT / 1540506600 --> <row><v>NaN</v></row>
			<!-- 2018-10-25 17:36:00 CDT / 1540506960 --> <row><v>NaN</v></row>
			<!-- 2018-10-25 17:42:00 CDT / 1540507320 --> <row><v>NaN</v></row>
			<!-- 2018-10-25 17:48:00 CDT / 1540507680 --> <row><v>NaN</v></row>
			<!-- 2018-10-25 17:54:00 CDT / 1540508040 --> <row><v>NaN</v></row>
			<!-- 2018-10-25 18:00:00 CDT / 1540508400 --> <row><v>NaN</v></row>
			<!-- 2018-10-25 18:06:00 CDT / 1540508760 --> <row><v>NaN</v></row>
			<!-- 2018-10-25 18:12:00 CDT / 1540509120 --> <row><v>NaN</v></row>
			<!-- 2018-10-25 18:18:00 CDT / 1540509480 --> <row><v>NaN</v></row>
			<!-- 2018-10-25 18:24:00 CDT / 1540509840 --> <row><v>NaN</v></row>
			<!-- 2018-10-25 18:30:00 CDT / 1540510200 --> <row><v>NaN</v></row>
			<!-- 2018-10-25 18:36:00 CDT / 1540510560 --> <row><v>NaN</v></row>
			<!-- 2018-10-25 18:42:00 CDT / 1540510920 --> <row><v>NaN</v></row>
			<!-- 2018-10-25 18:48:00 CDT / 1540511280 --> <row><v>NaN</v></row>
			<!-- 2018-10-25 18:54:00 CDT / 1540511640 --> <row><v>NaN</v></row>
			<!-- 2018-10-25 19:00:00 CDT / 1540512000 --> <row><v>NaN</v></row>
			<!-- 2018-10-25 19:06:00 CDT / 1540512360 --> <row><v>NaN</v></row>
			<!-- 2018-10-25 19:12:00 CDT / 1540512720 --> <row><v>NaN</v></row>
			<!-- 2018-10-25 19:18:00 CDT / 1540513080 --> <row><v>NaN</v></row>
			<!-- 2018-10-25 19:24:00 CDT / 1540513440 --> <row><v>NaN</v></row>
			<!-- 2018-10-25 19:30:00 CDT / 1540513800 --> <row><v>NaN</v></row>
			<!-- 2018-10-25 19:36:00 CDT / 1540514160 --> <row><v>NaN</v></row>
			<!-- 2018-10-25 19:42:00 CDT / 1540514520 --> <row><v>NaN</v></row>
			<!-- 2018-10-25 19:48:00 CDT / 1540514880 --> <row><v>NaN</v></row>
			<!-- 2018-10-25 19:54:00 CDT / 1540515240 --> <row><v>NaN</v></row>
			<!-- 2018-10-25 20:00:00 CDT / 1540515600 --> <row><v>NaN</v></row>
			<!-- 2018-10-25 20:06:00 CDT / 1540515960 --> <row><v>NaN</v></row>
			<!-- 2018-10-25 20:12:00 CDT / 1540516320 --> <row><v>NaN</v></row>
			<!-- 2018-10-25 20:18:00 CDT / 1540516680 --> <row><v>NaN</v></row>
			<!-- 2018-10-25 20:24:00 CDT / 1540517040 --> <row><v>NaN</v></row>
			<!-- 2018-10-25 20:30:00 CDT / 1540517400 --> <row><v>NaN</v></row>
			<!-- 2018-10-25 20:36:00 CDT / 1540517760 --> <row><v>NaN</v></row>
			<!-- 2018-10-25 20:42:00 CDT / 1540518120 --> <row><v>NaN</v></row>
			<!-- 2018-10-25 20:48:00 CDT / 1540518480 --> <row><v>NaN</v></row>
			<!-- 2018-10-25 20:54:00 CDT / 1540518840 --> <row><v>NaN</v></row>
			<!-- 2018-10-25 21:00:00 CDT / 1540519200 --> <row><v>NaN</v></row>
			<!-- 2018-10-25 21:06:00 CDT / 1540519560 --> <row><v>NaN</v></row>
			<!-- 2018-10-25 21:12:00 CDT / 1540519920 --> <row><v>NaN</v></row>
			<!-- 2018-10-25 21:18:00 CDT / 1540520280 --> <row><v>NaN</v></row>
			<!-- 2018-10-25 21:24:00 CDT / 1540520640 --> <row><v>NaN</v></row>
			<!-- 2018-10-25 21:30:00 CDT / 1540521000 --> <row><v>NaN</v></row>
			<!-- 2018-10-25 21:36:00 CDT / 1540521360 --> <row><v>NaN</v></row>
			<!-- 2018-10-25 21:42:00 CDT / 1540521720 --> <row><v>NaN</v></row>
			<!-- 2018-10-25 21:48:00 CDT / 1540522080 --> <row><v>NaN</v></row>
			<!-- 2018-10-25 21:54:00 CDT / 1540522440 --> <row><v>NaN</v></row>
			<!-- 2018-10-25 22:00:00 CDT / 1540522800 --> <row><v>NaN</v></row>
			<!-- 2018-10-25 22:06:00 CDT / 1540523160 --> <row><v>NaN</v></row>
			<!-- 2018-10-25 22:12:00 CDT / 1540523520 --> <row><v>NaN</v></row>
			<!-- 2018-10-25 22:18:00 CDT / 1540523880 --> <row><v>NaN</v></row>
			<!-- 2018-10-25 22:24:00 CDT / 1540524240 --> <row><v>NaN</v></row>
			<!-- 2018-10-25 22:30:00 CDT / 1540524600 --> <row><v>NaN</v></row>
			<!-- 2018-10-25 22:36:00 CDT / 1540524960 --> <row><v>NaN</v></row>
			<!-- 2018-10-25 22:42:00 CDT / 1540525320 --> <row><v>NaN</v></row>
			<!-- 2018-10-25 22:48:00 CDT / 1540525680 --> <row><v>NaN</v></row>
			<!-- 2018-10-25 22:54:00 CDT / 1540526040 --> <row><v>NaN</v></row>
			<!-- 2018-10-25 23:00:00 CDT / 1540526400 --> <row><v>NaN</v></row>
			<!-- 2018-10-25 23:06:00 CDT / 1540526760 --> <row><v>NaN</v></row>
			<!-- 2018-10-25 23:12:00 CDT / 1540527120 --> <row><v>NaN</v></row>
			<!-- 2018-10-25 23:18:00 CDT / 1540527480 --> <row><v>NaN</v></row>
			<!-- 2018-10-25 23:24:00 CDT / 1540527840 --> <row><v>NaN</v></row>
			<!-- 2018-10-25 23:30:00 CDT / 1540528200 --> <row><v>NaN</v></row>
			<!-- 2018-10-25 23:36:00 CDT / 1540528560 --> <row><v>NaN</v></row>
			<!-- 2018-10-25 23:42:00 CDT / 1540528920 --> <row><v>NaN</v></row>
			<!-- 2018-10-25 23:48:00 CDT / 1540529280 --> <row><v>NaN</v></row>
			<!-- 2018-10-25 23:54:00 CDT / 1540529640 --> <row><v>NaN</v></row>
			<!-- 2018-10-26 00:00:00 CDT / 1540530000 --> <row><v>NaN</v></row>
			<!-- 2018-10-26 00:06:00 CDT / 1540530360 --> <row><v>NaN</v></row>
			<!-- 2018-10-26 00:12:00 CDT / 1540530720 --> <row><v>NaN</v></row>
			<!-- 2018-10-26 00:18:00 CDT / 1540531080 --> <row><v>NaN</v></row>
			<!-- 2018-10-26 00:24:00 CDT / 1540531440 --> <row><v>NaN</v></row>
			<!-- 2018-10-26 00:30:00 CDT / 1540531800 --> <row><v>NaN</v></row>
			<!-- 2018-10-26 00:36:00 CDT / 1540532160 --> <row><v>NaN</v></row>
			<!-- 2018-10-26 00:42:00 CDT / 1540532520 --> <row><v>NaN</v></row>
			<!-- 2018-10-26 00:48:00 CDT / 1540532880 --> <row><v>NaN</v></row>
			<!-- 2018-10-26 00:54:00 CDT / 1540533240 --> <row><v>NaN</v></row>
			<!-- 2018-10-26 01:00:00 CDT / 1540533600 --> <row><v>NaN</v></row>
			<!-- 2018-10-26 01:06:00 CDT / 1540533960 --> <row><v>NaN</v></row>
			<!-- 2018-10-26 01:12:00 CDT / 1540534320 --> <row><v>NaN</v></row>
			<!-- 2018-10-26 01:18:00 CDT / 1540534680 --> <row><v>NaN</v></row>
			<!-- 2018-10-26 01:24:00 CDT / 1540535040 --> <row><v>NaN</v></row>
			<!-- 2018-10-26 01:30:00 CDT / 1540535400 --> <row><v>NaN</v></row>
			<!-- 2018-10-26 01:36:00 CDT / 1540535760 --> <row><v>NaN</v></row>
			<!-- 2018-10-26 01:42:00 CDT / 1540536120 --> <row><v>NaN</v></row>
			<!-- 2018-10-26 01:48:00 CDT / 1540536480 --> <row><v>NaN</v></row>
			<!-- 2018-10-26 01:54:00 CDT / 1540536840 --> <row><v>NaN</v></row>
			<!-- 2018-10-26 02:00:00 CDT / 1540537200 --> <row><v>NaN</v></row>
			<!-- 2018-10-26 02:06:00 CDT / 1540537560 --> <row><v>NaN</v></row>
			<!-- 2018-10-26 02:12:00 CDT / 1540537920 --> <row><v>NaN</v></row>
			<!-- 2018-10-26 02:18:00 CDT / 1540538280 --> <row><v>NaN</v></row>
			<!-- 2018-10-26 02:24:00 CDT / 1540538640 --> <row><v>NaN</v></row>
			<!-- 2018-10-26 02:30:00 CDT / 1540539000 --> <row><v>NaN</v></row>
			<!-- 2018-10-26 02:36:00 CDT / 1540539360 --> <row><v>NaN</v></row>
			<!-- 2018-10-26 02:42:00 CDT / 1540539720 --> <row><v>NaN</v></row>
			<!-- 2018-10-26 02:48:00 CDT / 1540540080 --> <row><v>NaN</v></row>
			<!-- 2018-10-26 02:54:00 CDT / 1540540440 --> <row><v>NaN</v></row>
			<!-- 2018-10-26 03:00:00 CDT / 1540540800 --> <row><v>NaN</v></row>
			<!-- 2018-10-26 03:06:00 CDT / 1540541160 --> <row><v>NaN</v></row>
			<!-- 2018-10-26 03:12:00 CDT / 1540541520 --> <row><v>NaN</v></row>
			<!-- 2018-10-26 03:18:00 CDT / 1540541880 --> <row><v>NaN</v></row>
			<!-- 2018-10-26 03:24:00 CDT / 1540542240 --> <row><v>NaN</v></row>
			<!-- 2018-10-26 03:30:00 CDT / 1540542600 --> <row><v>NaN</v></row>
			<!-- 2018-10-26 03:36:00 CDT / 1540542960 --> <row><v>NaN</v></row>
			<!-- 2018-10-26 03:42:00 CDT / 1540543320 --> <row><v>NaN</v></row>
			<!-- 2018-10-26 03:48:00 CDT / 1540543680 --> <row><v>NaN</v></row>
			<!-- 2018-10-26 03:54:00 CDT / 1540544040 --> <row><v>NaN</v></row>
			<!-- 2018-10-26 04:00:00 CDT / 1540544400 --> <row><v>NaN</v></row>
			<!-- 2018-10-26 04:06:00 CDT / 1540544760 --> <row><v>NaN</v></row>
			<!-- 2018-10-26 04:12:00 CDT / 1540545120 --> <row><v>NaN</v></row>
			<!-- 2018-10-26 04:18:00 CDT / 1540545480 --> <row><v>NaN</v></row>
			<!-- 2018-10-26 04:24:00 CDT / 1540545840 --> <row><v>NaN</v></row>
			<!-- 2018-10-26 04:30:00 CDT / 1540546200 --> <row><v>NaN</v></row>
			<!-- 2018-10-26 04:36:00 CDT / 1540546560 --> <row><v>NaN</v></row>
			<!-- 2018-10-26 04:42:00 CDT / 1540546920 --> <row><v>NaN</v></row>
			<!-- 2018-10-26 04:48:00 CDT / 1540547280 --> <row><v>NaN</v></row>
			<!-- 2018-10-26 04:54:00 CDT / 1540547640 --> <row><v>NaN</v></row>
			<!-- 2018-10-26 05:00:00 CDT / 1540548000 --> <row><v>NaN</v></row>
			<!-- 2018-10-26 05:06:00 CDT / 1540548360 --> <row><v>NaN</v></row>
			<!-- 2018-10-26 05:12:00 CDT / 1540548720 --> <row><v>NaN</v></row>
			<!-- 2018-10-26 05:18:00 CDT / 1540549080 --> <row><v>NaN</v></row>
			<!-- 2018-10-26 05:24:00 CDT / 1540549440 --> <row><v>NaN</v></row>
			<!-- 2018-10-26 05:30:00 CDT / 1540549800 --> <row><v>NaN</v></row>
			<!-- 2018-10-26 05:36:00 CDT / 1540550160 --> <row><v>NaN</v></row>
			<!-- 2018-10-26 05:42:00 CDT / 1540550520 --> <row><v>NaN</v></row>
			<!-- 2018-10-26 05:48:00 CDT / 1540550880 --> <row><v>NaN</v></row>
			<!-- 2018-10-26 05:54:00 CDT / 1540551240 --> <row><v>NaN</v></row>
			<!-- 2018-10-26 06:00:00 CDT / 1540551600 --> <row><v>NaN</v></row>
			<!-- 2018-10-26 06:06:00 CDT / 1540551960 --> <row><v>NaN</v></row>
			<!-- 2018-10-26 06:12:00 CDT / 1540552320 --> <row><v>NaN</v></row>
			<!-- 2018-10-26 06:18:00 CDT / 1540552680 --> <row><v>NaN</v></row>
			<!-- 2018-10-26 06:24:00 CDT / 1540553040 --> <row><v>NaN</v></row>
			<!-- 2018-10-26 06:30:00 CDT / 1540553400 --> <row><v>NaN</v></row>
			<!-- 2018-10-26 06:36:00 CDT / 1540553760 --> <row><v>NaN</v></row>
			<!-- 2018-10-26 06:42:00 CDT / 1540554120 --> <row><v>NaN</v></row>
			<!-- 2018-10-26 06:48:00 CDT / 1540554480 --> <row><v>NaN</v></row>
			<!-- 2018-10-26 06:54:00 CDT / 1540554840 --> <row><v>NaN</v></row>
			<!-- 2018-10-26 07:00:00 CDT / 1540555200 --> <row><v>NaN</v></row>
			<!-- 2018-10-26 07:06:00 CDT / 1540555560 --> <row><v>NaN</v></row>
			<!-- 2018-10-26 07:12:00 CDT / 1540555920 --> <row><v>NaN</v></row>
			<!-- 2018-10-26 07:18:00 CDT / 1540556280 --> <row><v>NaN</v></row>
			<!-- 2018-10-26 07:24:00 CDT / 1540556640 --> <row><v>NaN</v></row>
			<!-- 2018-10-26 07:30:00 CDT / 1540557000 --> <row><v>NaN</v></row>
			<!-- 2018-10-26 07:36:00 CDT / 1540557360 --> <row><v>NaN</v></row>
			<!-- 2018-10-26 07:42:00 CDT / 1540557720 --> <row><v>NaN</v></row>
			<!-- 2018-10-26 07:48:00 CDT / 1540558080 --> <row><v>NaN</v></row>
			<!-- 2018-10-26 07:54:00 CDT / 1540558440 --> <row><v>NaN</v></row>
			<!-- 2018-10-26 08:00:00 CDT / 1540558800 --> <row><v>NaN</v></row>
			<!-- 2018-10-26 08:06:00 CDT / 1540559160 --> <row><v>NaN</v></row>
			<!-- 2018-10-26 08:12:00 CDT / 1540559520 --> <row><v>NaN</v></row>
			<!-- 2018-10-26 08:18:00 CDT / 1540559880 --> <row><v>NaN</v></row>
			<!-- 2018-10-26 08:24:00 CDT / 1540560240 --> <row><v>NaN</v></row>
			<!-- 2018-10-26 08:30:00 CDT / 1540560600 --> <row><v>NaN</v></row>
			<!-- 2018-10-26 08:36:00 CDT / 1540560960 --> <row><v>NaN</v></row>
			<!-- 2018-10-26 08:42:00 CDT / 1540561320 --> <row><v>NaN</v></row>
			<!-- 2018-10-26 08:48:00 CDT / 1540561680 --> <row><v>NaN</v></row>
			<!-- 2018-10-26 08:54:00 CDT / 1540562040 --> <row><v>NaN</v></row>
			<!-- 2018-10-26 09:00:00 CDT / 1540562400 --> <row><v>NaN</v></row>
			<!-- 2018-10-26 09:06:00 CDT / 1540562760 --> <row><v>NaN</v></row>
			<!-- 2018-10-26 09:12:00 CDT / 1540563120 --> <row><v>NaN</v></row>
			<!-- 2018-10-26 09:18:00 CDT / 1540563480 --> <row><v>NaN</v></row>
			<!-- 2018-10-26 09:24:00 CDT / 1540563840 --> <row><v>NaN</v></row>
			<!-- 2018-10-26 09:30:00 CDT / 1540564200 --> <row><v>NaN</v></row>
			<!-- 2018-10-26 09:36:00 CDT / 1540564560 --> <row><v>NaN</v></row>
			<!-- 2018-10-26 09:42:00 CDT / 1540564920 --> <row><v>NaN</v></row>
			<!-- 2018-10-26 09:48:00 CDT / 1540565280 --> <row><v>NaN</v></row>
			<!-- 2018-10-26 09:54:00 CDT / 1540565640 --> <row><v>NaN</v></row>
			<!-- 2018-10-26 10:00:00 CDT / 1540566000 --> <row><v>NaN</v></row>
			<!-- 2018-10-26 10:06:00 CDT / 1540566360 --> <row><v>NaN</v></row>
			<!-- 2018-10-26 10:12:00 CDT / 1540566720 --> <row><v>NaN</v></row>
			<!-- 2018-10-26 10:18:00 CDT / 1540567080 --> <row><v>NaN</v></row>
			<!-- 2018-10-26 10:24:00 CDT / 1540567440 --> <row><v>NaN</v></row>
			<!-- 2018-10-26 10:30:00 CDT / 1540567800 --> <row><v>NaN</v></row>
			<!-- 2018-10-26 10:36:00 CDT / 1540568160 --> <row><v>NaN</v></row>
			<!-- 2018-10-26 10:42:00 CDT / 1540568520 --> <row><v>NaN</v></row>
		</database>
	</rra>
	<rra>
		<cf>AVERAGE</cf>
		<pdp_per_row>1</pdp_per_row> <!-- 60 seconds -->

		<params>
		<xff>5.0000000000e-01</xff>
		</params>
		<cdp_prep>
			<ds>
			<primary_value>4.8953284950e+01</primary_value>
			<secondary_value>NaN</secondary_value>
			<value>NaN</value>
			<unknown_datapoints>0</unknown_datapoints>
			</ds>
		</cdp_prep>
		<database>
			<!-- 2018-10-26 00:47:00 CDT / 1540532820 --> <row><v>NaN</v></row>
			<!-- 2018-10-26 00:48:00 CDT / 1540532880 --> <row><v>NaN</v></row>
			<!-- 2018-10-26 00:49:00 CDT / 1540532940 --> <row><v>NaN</v></row>
			<!-- 2018-10-26 00:50:00 CDT / 1540533000 --> <row><v>NaN</v></row>
			<!-- 2018-10-26 00:51:00 CDT / 1540533060 --> <row><v>NaN</v></row>
			<!-- 2018-10-26 00:52:00 CDT / 1540533120 --> <row><v>NaN</v></row>
			<!-- 2018-10-26 00:53:00 CDT / 1540533180 --> <row><v>NaN</v></row>
			<!-- 2018-10-26 00:54:00 CDT / 1540533240 --> <row><v>NaN</v></row>
			<!-- 2018-10-26 00:55:00 CDT / 1540533300 --> <row><v>NaN</v></row>
			<!-- 2018-10-26 00:56:00 CDT / 1540533360 --> <row><v>NaN</v></row>
			<!-- 2018-10-26 00:57:00 CDT / 1540533420 --> <row><v>NaN</v></row>
			<!-- 2018-10-26 00:58:00 CDT / 1540533480 --> <row><v>NaN</v></row>
			<!-- 2018-10-26 00:59:00 CDT / 1540533540 --> <row><v>NaN</v></row>
			<!-- 2018-10-26 01:00:00 CDT / 1540533600 --> <row><v>NaN</v></row>
			<!-- 2018-10-26 01:01:00 CDT / 1540533660 --> <row><v>NaN</v></row>
			<!-- 2018-10-26 01:02:00 CDT / 1540533720 --> <row><v>NaN</v></row>
			<!-- 2018-10-26 01:03:00 CDT / 1540533780 --> <row><v>NaN</v></row>
			<!-- 2018-10-26 01:04:00 CDT / 1540533840 --> <row><v>NaN</v></row>
			<!-- 2018-10-26 01:05:00 CDT / 1540533900 --> <row><v>NaN</v></row>
			<!-- 2018-10-26 01:06:00 CDT / 1540533960 --> <row><v>NaN</v></row>
			<!-- 2018-10-26 01:07:00 CDT / 1540534020 --> <row><v>NaN</v></row>
			<!-- 2018-10-26 01:08:00 CDT / 1540534080 --> <row><v>NaN</v></row>
			<!-- 2018-10-26 01:09:00 CDT / 1540534140 --> <row><v>NaN</v></row>
			<!-- 2018-10-26 01:10:00 CDT / 1540534200 --> <row><v>NaN</v></row>
			<!-- 2018-10-26 01:11:00 CDT / 1540534260 --> <row><v>NaN</v></row>
			<!-- 2018-10-26 01:12:00 CDT / 1540534320 --> <row><v>NaN</v></row>
			<!-- 2018-10-26 01:13:00 CDT / 1540534380 --> <row><v>NaN</v></row>
			<!-- 2018-10-26 01:14:00 CDT / 1540534440 --> <row><v>NaN</v></row>
			<!-- 2018-10-26 01:15:00 CDT / 1540534500 --> <row><v>NaN</v></row>
			<!-- 2018-10-26 01:16:00 CDT / 1540534560 --> <row><v>NaN</v></row>
			<!-- 2018-10-26 01:17:00 CDT / 1540534620 --> <row><v>NaN</v></row>
			<!-- 2018-10-26 01:18:00 CDT / 1540534680 --> <row><v>NaN</v></row>
			<!-- 2018-10-26 01:19:00 CDT / 1540534740 --> <row><v>NaN</v></row>
			<!-- 2018-10-26 01:20:00 CDT / 1540534800 --> <row><v>NaN</v></row>
			<!-- 2018-10-26 01:21:00 CDT / 1540534860 --> <row><v>NaN</v></row>
			<!-- 2018-10-26 01:22:00 CDT / 1540534920 --> <row><v>NaN</v></row>
			<!-- 2018-10-26 01:23:00 CDT / 1540534980 --> <row><v>NaN</v></row>
			<!-- 2018-10-26 01:24:00 CDT / 1540535040 --> <row><v>NaN</v></row>
			<!-- 2018-10-26 01:25:00 CDT / 1540535100 --> <row><v>NaN</v></row>
			<!-- 2018-10-26 01:26:00 CDT / 1540535160 --> <row><v>NaN</v></row>
			<!-- 2018-10-26 01:27:00 CDT / 1540535220 --> <row><v>NaN</v></row>
			<!-- 2018-10-26 01:28:00 CDT / 1540535280 --> <row><v>NaN</v></row>
			<!-- 2018-10-26 01:29:00 CDT / 1540535340 --> <row><v>NaN</v></row>
			<!-- 2018-10-26 01:30:00 CDT / 1540535400 --> <row><v>NaN</v></row>
			<!-- 2018-10-26 01:31:00 CDT / 1540535460 --> <row><v>NaN</v></row>
			<!-- 2018-10-26 01:32:00 CDT / 1540535520 --> <row><v>NaN</v></row>
			<!-- 2018-10-26 01:33:00 CDT / 1540535580 --> <row><v>NaN</v></row>
			<!-- 2018-10-26 01:34:00 CDT / 1540535640 --> <row><v>NaN</v></row>
			<!-- 2018-10-26 01:35:00 CDT / 1540535700 --> <row><v>NaN</v></row>
			<!-- 2018-10-26 01:36:00 CDT / 1540535760 --> <row><v>NaN</v></row>
			<!-- 2018-10-26 01:37:00 CDT / 1540535820 --> <row><v>NaN</v></row>
			<!-- 2018-10-26 01:38:00 CDT / 1540535880 --> <row><v>NaN</v></row>
			<!-- 2018-10-26 01:39:00 CDT / 1540535940 --> <row><v>NaN</v></row>
			<!-- 2018-10-26 01:40:00 CDT / 1540536000 --> <row><v>NaN</v></row>
			<!-- 2018-10-26 01:41:00 CDT / 1540536060 --> <row><v>NaN</v></row>
			<!-- 2018-10-26 01:42:00 CDT / 1540536120 --> <row><v>NaN</v></row>
			<!-- 2018-10-26 01:43:00 CDT / 1540536180 --> <row><v>NaN</v></row>
			<!-- 2018-10-26 01:44:00 CDT / 1540536240 --> <row><v>NaN</v></row>
			<!-- 2018-10-26 01:45:00 CDT / 1540536300 --> <row><v>NaN</v></row>
			<!-- 2018-10-26 01:46:00 CDT / 1540536360 --> <row><v>NaN</v></row>
			<!-- 2018-10-26 01:47:00 CDT / 1540536420 --> <row><v>NaN</v></row>
			<!-- 2018-10-26 01:48:00 CDT / 1540536480 --> <row><v>NaN</v></row>
			<!-- 2018-10-26 01:49:00 CDT / 1540536540 --> <row><v>NaN</v></row>
			<!-- 2018-10-26 01:50:00 CDT / 1540536600 --> <row><v>NaN</v></row>
			<!-- 2018-10-26 01:51:00 CDT / 1540536660 --> <row><v>NaN</v></row>
			<!-- 2018-10-26 01:52:00 CDT / 1540536720 --> <row><v>NaN</v></row>
			<!-- 2018-10-26 01:53:00 CDT / 1540536780 --> <row><v>NaN</v></row>
			<!-- 2018-10-26 01:54:00 CDT / 1540536840 --> <row><v>NaN</v></row>
			<!-- 2018-10-26 01:55:00 CDT / 1540536900 --> <row><v>NaN</v></row>
			<!-- 2018-10-26 01:56:00 CDT / 1540536960 --> <row><v>NaN</v></row>
			<!-- 2018-10-26 01:57:00 CDT / 1540537020 --> <row><v>NaN</v></row>
			<!-- 2018-10-26 01:58:00 CDT / 1540537080 --> <row><v>NaN</v></row>
			<!-- 2018-10-26 01:59:00 CDT / 1540537140 --> <row><v>NaN</v></row>
			<!-- 2018-10-26 02:00:00 CDT / 1540537200 --> <row><v>NaN</v></row>
			<!-- 2018-10-26 02:01:00 CDT / 1540537260 --> <row><v>NaN</v></row>
			<!-- 2018-10-26 02:02:00 CDT / 1540537320 --> <row><v>NaN</v></row>
			<!-- 2018-10-26 02:03:00 CDT / 1540537380 --> <row><v>NaN</v></row>
			<!-- 2018-10-26 02:04:00 CDT / 1540537440 --> <row><v>NaN</v></row>
			<!-- 2018-10-26 02:05:00 CDT / 1540537500 --> <row><v>NaN</v></row>
			<!-- 2018-10-26 02:06:00 CDT / 1540537560 --> <row><v>NaN</v></row>
			<!-- 2018-10-26 02:07:00 CDT / 1540537620 --> <row><v>NaN</v></row>
			<!-- 2018-10-26 02:08:00 CDT / 1540537680 --> <row><v>NaN</v></row>
			<!-- 2018-10-26 02:09:00 CDT / 1540537740 --> <row><v>NaN</v></row>
			<!-- 2018-10-26 02:10:00 CDT / 1540537800 --> <row><v>NaN</v></row>
			<!-- 2018-10-26 02:11:00 CDT / 1540537860 --> <row><v>NaN</v></row>
			<!-- 2018-10-26 02:12:00 CDT / 1540537920 --> <row><v>NaN</v></row>
			<!-- 2018-10-26 02:13:00 CDT / 1540537980 --> <row><v>NaN</v></row>
			<!-- 2018-10-26 02:14:00 CDT / 1540538040 --> <row><v>NaN</v></row>
			<!-- 2018-10-26 02:15:00 CDT / 1540538100 --> <row><v>NaN</v></row>
			<!-- 2018-10-26 02:16:00 CDT / 1540538160 --> <row><v>NaN</v></row>
			<!-- 2018-10-26 02:17:00 CDT / 1540538220 --> <row><v>NaN</v></row>
			<!-- 2018-10-26 02:18:00 CDT / 1540538280 --> <row><v>NaN</v></row>
			<!-- 2018-10-26 02:19:00 CDT / 1540538340 --> <row><v>NaN</v></row>
			<!-- 2018-10-26 02:20:00 CDT / 1540538400 --> <row><v>NaN</v></row>
			<!-- 2018-10-26 02:21:00 CDT / 1540538460 --> <row><v>NaN</v></row>
			<!-- 2018-10-26 02:22:00 CDT / 1540538520 --> <row><v>NaN</v></row>
			<!-- 2018-10-26 02:23:00 CDT / 1540538580 --> <row><v>NaN</v></row>
			<!-- 2018-10-26 02:24:00 CDT / 1540538640 --> <row><v>NaN</v></row>
			<!-- 2018-10-26 02:25:00 CDT / 1540538700 --> <row><v>NaN</v></row>
			<!-- 2018-10-26 02:26:00 CDT / 1540538760 --> <row><v>NaN</v></row>
			<!-- 2018-10-26 02:27:00 CDT / 1540538820 --> <row><v>NaN</v></row>
			<!-- 2018-10-26 02:28:00 CDT / 1540538880 --> <row><v>NaN</v></row>
			<!-- 2018-10-26 02:29:00 CDT / 1540538940 --> <row><v>NaN</v></row>
			<!-- 2018-10-26 02:30:00 CDT / 1540539000 --> <row><v>NaN</v></row>
			<!-- 2018-10-26 02:31:00 CDT / 1540539060 --> <row><v>NaN</v></row>
			<!-- 2018-10-26 02:32:00 CDT / 1540539120 --> <row><v>NaN</v></row>
			<!-- 2018-10-26 02:33:00 CDT / 1540539180 --> <row><v>NaN</v></row>
			<!-- 2018-10-26 02:34:00 CDT / 1540539240 --> <row><v>NaN</v></row>
			<!-- 2018-10-26 02:35:00 CDT / 1540539300 --> <row><v>NaN</v></row>
			<!-- 2018-10-26 02:36:00 CDT / 1540539360 --> <row><v>NaN</v></row>
			<!-- 2018-10-26 02:37:00 CDT / 1540539420 --> <row><v>NaN</v></row>
			<!-- 2018-10-26 02:38:00 CDT / 1540539480 --> <row><v>NaN</v></row>
			<!-- 2018-10-26 02:39:00 CDT / 1540539540 --> <row><v>NaN</v></row>
			<!-- 2018-10-26 02:40:00 CDT / 1540539600 --> <row><v>NaN</v></row>
			<!-- 2018-10-26 02:41:00 CDT / 1540539660 --> <row><v>NaN</v></row>
			<!-- 2018-10-26 02:42:00 CDT / 1540539720 --> <row><v>NaN</v></row>
			<!-- 2018-10-26 02:43:00 CDT / 1540539780 --> <row><v>NaN</v></row>
			<!-- 2018-10-26 02:44:00 CDT / 1540539840 --> <row><v>NaN</v></row>
			<!-- 2018-10-26 02:45:00 CDT / 1540539900 --> <row><v>NaN</v></row>
			<!-- 2018-10-26 02:46:00 CDT / 1540539960 --> <row><v>NaN</v></row>
			<!-- 2018-10-26 02:47:00 CDT / 1540540020 --> <row><v>NaN</v></row>
			<!-- 2018-10-26 02:48:00 CDT / 1540540080 --> <row><v>NaN</v></row>
			<!-- 2018-10-26 02:49:00 CDT / 1540540140 --> <row><v>NaN</v></row>
			<!-- 2018-10-26 02:50:00 CDT / 1540540200 --> <row><v>NaN</v></row>
			<!-- 2018-10-26 02:51:00 CDT / 1540540260 --> <row><v>NaN</v></row>
			<!-- 2018-10-26 02:52:00 CDT / 1540540320 --> <row><v>NaN</v></row>
			<!-- 2018-10-26 02:53:00 CDT / 1540540380 --> <row><v>NaN</v></row>
			<!-- 2018-10-26 02:54:00 CDT / 1540540440 --> <row><v>NaN</v></row>
			<!-- 2018-10-26 02:55:00 CDT / 1540540500 --> <row><v>NaN</v></row>
			<!-- 2018-10-26 02:56:00 CDT / 1540540560 --> <row><v>NaN</v></row>
			<!-- 2018-10-26 02:57:00 CDT / 1540540620 --> <row><v>NaN</v></row>
			<!-- 2018-10-26 02:58:00 CDT / 1540540680 --> <row><v>NaN</v></row>
			<!-- 2018-10-26 02:59:00 CDT / 1540540740 --> <row><v>NaN</v></row>
			<!-- 2018-10-26 03:00:00 CDT / 1540540800 --> <row><v>NaN</v></row>
			<!-- 2018-10-26 03:01:00 CDT / 1540540860 --> <row><v>NaN</v></row>
			<!-- 2018-10-26 03:02:00 CDT / 1540540920 --> <row><v>NaN</v></row>
			<!-- 2018-10-26 03:03:00 CDT / 1540540980 --> <row><v>NaN</v></row>
			<!-- 2018-10-26 03:04:00 CDT / 1540541040 --> <row><v>NaN</v></row>
			<!-- 2018-10-26 03:05:00 CDT / 1540541100 --> <row><v>NaN</v></row>
			<!-- 2018-10-26 03:06:00 CDT / 1540541160 --> <row><v>NaN</v></row>
			<!-- 2018-10-26 03:07:00 CDT / 1540541220 --> <row><v>NaN</v></row>
			<!-- 2018-10-26 03:08:00 CDT / 1540541280 --> <row><v>NaN</v></row>
			<!-- 2018-10-26 03:09:00 CDT / 1540541340 --> <row><v>NaN</v></row>
			<!-- 2018-10-26 03:10:00 CDT / 1540541400 --> <row><v>NaN</v></row>
			<!-- 2018-10-26 03:11:00 CDT / 1540541460 --> <row><v>NaN</v></row>
			<!-- 2018-10-26 03:12:00 CDT / 1540541520 --> <row><v>NaN</v></row>
			<!-- 2018-10-26 03:13:00 CDT / 1540541580 --> <row><v>NaN</v></row>
			<!-- 2018-10-26 03:14:00 CDT / 1540541640 --> <row><v>NaN</v></row>
			<!-- 2018-10-26 03:15:00 CDT / 1540541700 --> <row><v>NaN</v></row>
			<!-- 2018-10-26 03:16:00 CDT / 1540541760 --> <row><v>NaN</v></row>
			<!-- 2018-10-26 03:17:00 CDT / 1540541820 --> <row><v>NaN</v></row>
			<!-- 2018-10-26 03:18:00 CDT / 1540541880 --> <row><v>NaN</v></row>
			<!-- 2018-10-26 03:19:00 CDT / 1540541940 --> <row><v>NaN</v></row>
			<!-- 2018-10-26 03:20:00 CDT / 1540542000 --> <row><v>NaN</v></row>
			<!-- 2018-10-26 03:21:00 CDT / 1540542060 --> <row><v>NaN</v></row>
			<!-- 2018-10-26 03:22:00 CDT / 1540542120 --> <row><v>NaN</v></row>
			<!-- 2018-10-26 03:23:00 CDT / 1540542180 --> <row><v>NaN</v></row>
			<!-- 2018-10-26 03:24:00 CDT / 1540542240 --> <row><v>NaN</v></row>
			<!-- 2018-10-26 03:25:00 CDT / 1540542300 --> <row><v>NaN</v></row>
			<!-- 2018-10-26 03:26:00 CDT / 1540542360 --> <row><v>NaN</v></row>
			<!-- 2018-10-26 03:27:00 CDT / 1540542420 --> <row><v>NaN</v></row>
			<!-- 2018-10-26 03:28:00 CDT / 1540542480 --> <row><v>NaN</v></row>
			<!-- 2018-10-26 03:29:00 CDT / 1540542540 --> <row><v>NaN</v></row>
			<!-- 2018-10-26 03:30:00 CDT / 1540542600 --> <row><v>NaN</v></row>
			<!-- 2018-10-26 03:31:00 CDT / 1540542660 --> <row><v>NaN</v></row>
			<!-- 2018-10-26 03:32:00 CDT / 1540542720 --> <row><v>NaN</v></row>
			<!-- 2018-10-26 03:33:00 CDT / 1540542780 --> <row><v>NaN</v></row>
			<!-- 2018-10-26 03:34:00 CDT / 1540542840 --> <row><v>NaN</v></row>
			<!-- 2018-10-26 03:35:00 CDT / 1540542900 --> <row><v>NaN</v></row>
			<!-- 2018-10-26 03:36:00 CDT / 1540542960 --> <row><v>NaN</v></row>
			<!-- 2018-10-26 03:37:00 CDT / 1540543020 --> <row><v>NaN</v></row>
			<!-- 2018-10-26 03:38:00 CDT / 1540543080 --> <row><v>NaN</v></row>
			<!-- 2018-10-26 03:39:00 CDT / 1540543140 --> <row><v>NaN</v></row>
			<!-- 2018-10-26 03:40:00 CDT / 1540543200 --> <row><v>NaN</v></row>
			<!-- 2018-10-26 03:41:00 CDT / 1540543260 --> <row><v>NaN</v></row>
			<!-- 2018-10-26 03:42:00 CDT / 1540543320 --> <row><v>NaN</v></row>
			<!-- 2018-10-26 03:43:00 CDT / 1540543380 --> <row><v>NaN</v></row>
			<!-- 2018-10-26 03:44:00 CDT / 1540543440 --> <row><v>NaN</v></row>
			<!-- 2018-10-26 03:45:00 CDT / 1540543500 --> <row><v>NaN</v></row>
			<!-- 2018-10-26 03:46:00 CDT / 1540543560 --> <row><v>NaN</v></row>
			<!-- 2018-10-26 03:47:00 CDT / 1540543620 --> <row><v>NaN</v></row>
			<!-- 2018-10-26 03:48:00 CDT / 1540543680 --> <row><v>NaN</v></row>
			<!-- 2018-10-26 03:49:00 CDT / 1540543740 --> <row><v>NaN</v></row>
			<!-- 2018-10-26 03:50:00 CDT / 1540543800 --> <row><v>NaN</v></row>
			<!-- 2018-10-26 03:51:00 CDT / 1540543860 --> <row><v>NaN</v></row>
			<!-- 2018-10-26 03:52:00 CDT / 1540543920 --> <row><v>NaN</v></row>
			<!-- 2018-10-26 03:53:00 CDT / 1540543980 --> <row><v>NaN</v></row>
			<!-- 2018-10-26 03:54:00 CDT / 1540544040 --> <row><v>NaN</v></row>
			<!-- 2018-10-26 03:55:00 CDT / 1540544100 --> <row><v>NaN</v></row>
			<!-- 2018-10-26 03:56:00 CDT / 1540544160 --> <row><v>NaN</v></row>
			<!-- 2018-10-26 03:57:00 CDT / 1540544220 --> <row><v>NaN</v></row>
			<!-- 2018-10-26 03:58:00 CDT / 1540544280 --> <row><v>NaN</v></row>
			<!-- 2018-10-26 03:59:00 CDT / 1540544340 --> <row><v>NaN</v></row>
			<!-- 2018-10-26 04:00:00 CDT / 1540544400 --> <row><v>NaN</v></row>
			<!-- 2018-10-26 04:01:00 CDT / 1540544460 --> <row><v>NaN</v></row>
			<!-- 2018-10-26 04:02:00 CDT / 1540544520 --> <row><v>NaN</v></row>
			<!-- 2018-10-26 04:03:00 CDT / 1540544580 --> <row><v>NaN</v></row>
			<!-- 2018-10-26 04:04:00 CDT / 1540544640 --> <row><v>NaN</v></row>
			<!-- 2018-10-26 04:05:00 CDT / 1540544700 --> <row><v>NaN</v></row>
			<!-- 2018-10-26 04:06:00 CDT / 1540544760 --> <row><v>NaN</v></row>
			<!-- 2018-10-26 04:07:00 CDT / 1540544820 --> <row><v>NaN</v></row>
			<!-- 2018-10-26 04:08:00 CDT / 1540544880 --> <row><v>NaN</v></row>
			<!-- 2018-10-26 04:09:00 CDT / 1540544940 --> <row><v>NaN</v></row>
			<!-- 2018-10-26 04:10:00 CDT / 1540545000 --> <row><v>NaN</v></row>
			<!-- 2018-10-26 04:11:00 CDT / 1540545060 --> <row><v>NaN</v></row>
			<!-- 2018-10-26 04:12:00 CDT / 1540545120 --> <row><v>NaN</v></row>
			<!-- 2018-10-26 04:13:00 CDT / 1540545180 --> <row><v>NaN</v></row>
			<!-- 2018-10-26 04:14:00 CDT / 1540545240 --> <row><v>NaN</v></row>
			<!-- 2018-10-26 04:15:00 CDT / 1540545300 --> <row><v>NaN</v></row>
			<!-- 2018-10-26 04:16:00 CDT / 1540545360 --> <row><v>NaN</v></row>
			<!-- 2018-10-26 04:17:00 CDT / 1540545420 --> <row><v>NaN</v></row>
			<!-- 2018-10-26 04:18:00 CDT / 1540545480 --> <row><v>NaN</v></row>
			<!-- 2018-10-26 04:19:00 CDT / 1540545540 --> <row><v>NaN</v></row>
			<!-- 2018-10-26 04:20:00 CDT / 1540545600 --> <row><v>NaN</v></row>
			<!-- 2018-10-26 04:21:00 CDT / 1540545660 --> <row><v>NaN</v></row>
			<!-- 2018-10-26 04:22:00 CDT / 1540545720 --> <row><v>NaN</v></row>
			<!-- 2018-10-26 04:23:00 CDT / 1540545780 --> <row><v>NaN</v></row>
			<!-- 2018-10-26 04:24:00 CDT / 1540545840 --> <row><v>NaN</v></row>
			<!-- 2018-10-26 04:25:00 CDT / 1540545900 --> <row><v>NaN</v></row>
			<!-- 2018-10-26 04:26:00 CDT / 1540545960 --> <row><v>NaN</v></row>
			<!-- 2018-10-26 04:27:00 CDT / 1540546020 --> <row><v>NaN</v></row>
			<!-- 2018-10-26 04:28:00 CDT / 1540546080 --> <row><v>NaN</v></row>
			<!-- 2018-10-26 04:29:00 CDT / 1540546140 --> <row><v>NaN</v></row>
			<!-- 2018-10-26 04:30:00 CDT / 1540546200 --> <row><v>NaN</v></row>
			<!-- 2018-10-26 04:31:00 CDT / 1540546260 --> <row><v>NaN</v></row>
			<!-- 2018-10-26 04:32:00 CDT / 1540546320 --> <row><v>NaN</v></row>
			<!-- 2018-10-26 04:33:00 CDT / 1540546380 --> <row><v>NaN</v></row>
			<!-- 2018-10-26 04:34:00 CDT / 1540546440 --> <row><v>NaN</v></row>
			<!-- 2018-10-26 04:35:00 CDT / 1540546500 --> <row><v>NaN</v></row>
			<!-- 2018-10-26 04:36:00 CDT / 1540546560 --> <row><v>NaN</v></row>
			<!-- 2018-10-26 04:37:00 CDT / 1540546620 --> <row><v>NaN</v></row>
			<!-- 2018-10-26 04:38:00 CDT / 1540546680 --> <row><v>NaN</v></row>
			<!-- 2018-10-26 04:39:00 CDT / 1540546740 --> <row><v>NaN</v></row>
			<!-- 2018-10-26 04:40:00 CDT / 1540546800 --> <row><v>NaN</v></row>
			<!-- 2018-10-26 04:41:00 CDT / 1540546860 --> <row><v>NaN</v></row>
			<!-- 2018-10-26 04:42:00 CDT / 1540546920 --> <row><v>NaN</v></row>
			<!-- 2018-10-26 04:43:00 CDT / 1540546980 --> <row><v>NaN</v></row>
			<!-- 2018-10-26 04:44:00 CDT / 1540547040 --> <row><v>NaN</v></row>
			<!-- 2018-10-26 04:45:00 CDT / 1540547100 --> <row><v>NaN</v></row>
			<!-- 2018-10-26 04:46:00 CDT / 1540547160 --> <row><v>NaN</v></row>
			<!-- 2018-10-26 04:47:00 CDT / 1540547220 --> <row><v>NaN</v></row>
			<!-- 2018-10-26 04:48:00 CDT / 1540547280 --> <row><v>NaN</v></row>
			<!-- 2018-10-26 04:49:00 CDT / 1540547340 --> <row><v>NaN</v></row>
			<!-- 2018-10-26 04:50:00 CDT / 1540547400 --> <row><v>NaN</v></row>
			<!-- 2018-10-26 04:51:00 CDT / 1540547460 --> <row><v>NaN</v></row>
			<!-- 2018-10-26 04:52:00 CDT / 1540547520 --> <row><v>NaN</v></row>
			<!-- 2018-10-26 04:53:00 CDT / 1540547580 --> <row><v>NaN</v></row>
			<!-- 2018-10-26 04:54:00 CDT / 1540547640 --> <row><v>NaN</v></row>
			<!-- 2018-10-26 04:55:00 CDT / 1540547700 --> <row><v>NaN</v></row>
			<!-- 2018-10-26 04:56:00 CDT / 1540547760 --> <row><v>NaN</v></row>
			<!-- 2018-10-26 04:57:00 CDT / 1540547820 --> <row><v>NaN</v></row>
			<!-- 2018-10-26 04:58:00 CDT / 1540547880 --> <row><v>NaN</v></row>
			<!-- 2018-10-26 04:59:00 CDT / 1540547940 --> <row><v>NaN</v></row>
			<!-- 2018-10-26 05:00:00 CDT / 1540548000 --> <row><v>NaN</v></row>
			<!-- 2018-10-26 05:01:00 CDT / 1540548060 --> <row><v>NaN</v></row>
			<!-- 2018-10-26 05:02:00 CDT / 1540548120 --> <row><v>NaN</v></row>
			<!-- 2018-10-26 05:03:00 CDT / 1540548180 --> <row><v>NaN</v></row>
			<!-- 2018-10-26 05:04:00 CDT / 1540548240 --> <row><v>NaN</v></row>
			<!-- 2018-10-26 05:05:00 CDT / 1540548300 --> <row><v>NaN</v></row>
			<!-- 2018-10-26 05:06:00 CDT / 1540548360 --> <row><v>NaN</v></row>
			<!-- 2018-10-26 05:07:00 CDT / 1540548420 --> <row><v>NaN</v></row>
			<!-- 2018-10-26 05:08:00 CDT / 1540548480 --> <row><v>NaN</v></row>
			<!-- 2018-10-26 05:09:00 CDT / 1540548540 --> <row><v>NaN</v></row>
			<!-- 2018-10-26 05:10:00 CDT / 1540548600 --> <row><v>NaN</v></row>
			<!-- 2018-10-26 05:11:00 CDT / 1540548660 --> <row><v>NaN</v></row>
			<!-- 2018-10-26 05:12:00 CDT / 1540548720 --> <row><v>NaN</v></row>
			<!-- 2018-10-26 05:13:00 CDT / 1540548780 --> <row><v>NaN</v></row>
			<!-- 2018-10-26 05:14:00 CDT / 1540548840 --> <row><v>NaN</v></row>
			<!-- 2018-10-26 05:15:00 CDT / 1540548900 --> <row><v>NaN</v></row>
			<!-- 2018-10-26 05:16:00 CDT / 1540548960 --> <row><v>NaN</v></row>
			<!-- 2018-10-26 05:17:00 CDT / 1540549020 --> <row><v>NaN</v></row>
			<!-- 2018-10-26 05:18:00 CDT / 1540549080 --> <row><v>NaN</v></row>
			<!-- 2018-10-26 05:19:00 CDT / 1540549140 --> <row><v>NaN</v></row>
			<!-- 2018-10-26 05:20:00 CDT / 1540549200 --> <row><v>NaN</v></row>
			<!-- 2018-10-26 05:21:00 CDT / 1540549260 --> <row><v>NaN</v></row>
			<!-- 2018-10-26 05:22:00 CDT / 1540549320 --> <row><v>NaN</v></row>
			<!-- 2018-10-26 05:23:00 CDT / 1540549380 --> <row><v>NaN</v></row>
			<!-- 2018-10-26 05:24:00 CDT / 1540549440 --> <row><v>NaN</v></row>
			<!-- 2018-10-26 05:25:00 CDT / 1540549500 --> <row><v>NaN</v></row>
			<!-- 2018-10-26 05:26:00 CDT / 1540549560 --> <row><v>NaN</v></row>
			<!-- 2018-10-26 05:27:00 CDT / 1540549620 --> <row><v>NaN</v></row>
			<!-- 2018-10-26 05:28:00 CDT / 1540549680 --> <row><v>NaN</v></row>
			<!-- 2018-10-26 05:29:00 CDT / 1540549740 --> <row><v>NaN</v></row>
			<!-- 2018-10-26 05:30:00 CDT / 1540549800 --> <row><v>NaN</v></row>
			<!-- 2018-10-26 05:31:00 CDT / 1540549860 --> <row><v>NaN</v></row>
			<!-- 2018-10-26 05:32:00 CDT / 1540549920 --> <row><v>NaN</v></row>
			<!-- 2018-10-26 05:33:00 CDT / 1540549980 --> <row><v>NaN</v></row>
			<!-- 2018-10-26 05:34:00 CDT / 1540550040 --> <row><v>NaN</v></row>
			<!-- 2018-10-26 05:35:00 CDT / 1540550100 --> <row><v>NaN</v></row>
			<!-- 2018-10-26 05:36:00 CDT / 1540550160 --> <row><v>NaN</v></row>
			<!-- 2018-10-26 05:37:00 CDT / 1540550220 --> <row><v>NaN</v></row>
			<!-- 2018-10-26 05:38:00 CDT / 1540550280 --> <row><v>NaN</v></row>
			<!-- 2018-10-26 05:39:00 CDT / 1540550340 --> <row><v>NaN</v></row>
			<!-- 2018-10-26 05:40:00 CDT / 1540550400 --> <row><v>NaN</v></row>
			<!-- 2018-10-26 05:41:00 CDT / 1540550460 --> <row><v>NaN</v></row>
			<!-- 2018-10-26 05:42:00 CDT / 1540550520 --> <row><v>NaN</v></row>
			<!-- 2018-10-26 05:43:00 CDT / 1540550580 --> <row><v>NaN</v></row>
			<!-- 2018-10-26 05:44:00 CDT / 1540550640 --> <row><v>NaN</v></row>
			<!-- 2018-10-26 05:45:00 CDT / 1540550700 --> <row><v>NaN</v></row>
			<!-- 2018-10-26 05:46:00 CDT / 1540550760 --> <row><v>NaN</v></row>
			<!-- 2018-10-26 05:47:00 CDT / 1540550820 --> <row><v>NaN</v></row>
			<!-- 2018-10-26 05:48:00 CDT / 1540550880 --> <row><v>NaN</v></row>
			<!-- 2018-10-26 05:49:00 CDT / 1540550940 --> <row><v>NaN</v></row>
			<!-- 2018-10-26 05:50:00 CDT / 1540551000 --> <row><v>NaN</v></row>
			<!-- 2018-10-26 05:51:00 CDT / 1540551060 --> <row><v>NaN</v></row>
			<!-- 2018-10-26 05:52:00 CDT / 1540551120 --> <row><v>NaN</v></row>
			<!-- 2018-10-26 05:53:00 CDT / 1540551180 --> <row><v>NaN</v></row>
			<!-- 2018-10-26 05:54:00 CDT / 1540551240 --> <row><v>NaN</v></row>
			<!-- 2018-10-26 05:55:00 CDT / 1540551300 --> <row><v>NaN</v></row>
			<!-- 2018-10-26 05:56:00 CDT / 1540551360 --> <row><v>NaN</v></row>
			<!-- 2018-10-26 05:57:00 CDT / 1540551420 --> <row><v>NaN</v></row>
			<!-- 2018-10-26 05:58:00 CDT / 1540551480 --> <row><v>NaN</v></row>
			<!-- 2018-10-26 05:59:00 CDT / 1540551540 --> <row><v>NaN</v></row>
			<!-- 2018-10-26 06:00:00 CDT / 1540551600 --> <row><v>NaN</v></row>
			<!-- 2018-10-26 06:01:00 CDT / 1540551660 --> <row><v>NaN</v></row>
			<!-- 2018-10-26 06:02:00 CDT / 1540551720 --> <row><v>NaN</v></row>
			<!-- 2018-10-26 06:03:00 CDT / 1540551780 --> <row><v>NaN</v></row>
			<!-- 2018-10-26 06:04:00 CDT / 1540551840 --> <row><v>NaN</v></row>
			<!-- 2018-10-26 06:05:00 CDT / 1540551900 --> <row><v>NaN</v></row>
			<!-- 2018-10-26 06:06:00 CDT / 1540551960 --> <row><v>NaN</v></row>
			<!-- 2018-10-26 06:07:00 CDT / 1540552020 --> <row><v>NaN</v></row>
			<!-- 2018-10-26 06:08:00 CDT / 1540552080 --> <row><v>NaN</v></row>
			<!-- 2018-10-26 06:09:00 CDT / 1540552140 --> <row><v>NaN</v></row>
			<!-- 2018-10-26 06:10:00 CDT / 1540552200 --> <row><v>NaN</v></row>
			<!-- 2018-10-26 06:11:00 CDT / 1540552260 --> <row><v>NaN</v></row>
			<!-- 2018-10-26 06:12:00 CDT / 1540552320 --> <row><v>NaN</v></row>
			<!-- 2018-10-26 06:13:00 CDT / 1540552380 --> <row><v>NaN</v></row>
			<!-- 2018-10-26 06:14:00 CDT / 1540552440 --> <row><v>NaN</v></row>
			<!-- 2018-10-26 06:15:00 CDT / 1540552500 --> <row><v>NaN</v></row>
			<!-- 2018-10-26 06:16:00 CDT / 1540552560 --> <row><v>NaN</v></row>
			<!-- 2018-10-26 06:17:00 CDT / 1540552620 --> <row><v>NaN</v></row>
			<!-- 2018-10-26 06:18:00 CDT / 1540552680 --> <row><v>NaN</v></row>
			<!-- 2018-10-26 06:19:00 CDT / 1540552740 --> <row><v>NaN</v></row>
			<!-- 2018-10-26 06:20:00 CDT / 1540552800 --> <row><v>NaN</v></row>
			<!-- 2018-10-26 06:21:00 CDT / 1540552860 --> <row><v>NaN</v></row>
			<!-- 2018-10-26 06:22:00 CDT / 1540552920 --> <row><v>NaN</v></row>
			<!-- 2018-10-26 06:23:00 CDT / 1540552980 --> <row><v>NaN</v></row>
			<!-- 2018-10-26 06:24:00 CDT / 1540553040 --> <row><v>NaN</v></row>
			<!-- 2018-10-26 06:25:00 CDT / 1540553100 --> <row><v>NaN</v></row>
			<!-- 2018-10-26 06:26:00 CDT / 1540553160 --> <row><v>NaN</v></row>
			<!-- 2018-10-26 06:27:00 CDT / 1540553220 --> <row><v>NaN</v></row>
			<!-- 2018-10-26 06:28:00 CDT / 1540553280 --> <row><v>NaN</v></row>
			<!-- 2018-10-26 06:29:00 CDT / 1540553340 --> <row><v>NaN</v></row>
			<!-- 2018-10-26 06:30:00 CDT / 1540553400 --> <row><v>NaN</v></row>
			<!-- 2018-10-26 06:31:00 CDT / 1540553460 --> <row><v>NaN</v></row>
			<!-- 2018-10-26 06:32:00 CDT / 1540553520 --> <row><v>NaN</v></row>
			<!-- 2018-10-26 06:33:00 CDT / 1540553580 --> <row><v>NaN</v></row>
			<!-- 2018-10-26 06:34:00 CDT / 1540553640 --> <row><v>NaN</v></row>
			<!-- 2018-10-26 06:35:00 CDT / 1540553700 --> <row><v>NaN</v></row>
			<!-- 2018-10-26 06:36:00 CDT / 1540553760 --> <row><v>NaN</v></row>
			<!-- 2018-10-26 06:37:00 CDT / 1540553820 --> <row><v>NaN</v></row>
			<!-- 2018-10-26 06:38:00 CDT / 1540553880 --> <row><v>NaN</v></row>
			<!-- 2018-10-26 06:39:00 CDT / 1540553940 --> <row><v>NaN</v></row>
			<!-- 2018-10-26 06:40:00 CDT / 1540554000 --> <row><v>NaN</v></row>
			<!-- 2018-10-26 06:41:00 CDT / 1540554060 --> <row><v>NaN</v></row>
			<!-- 2018-10-26 06:42:00 CDT / 1540554120 --> <row><v>NaN</v></row>
			<!-- 2018-10-26 06:43:00 CDT / 1540554180 --> <row><v>NaN</v></row>
			<!-- 2018-10-26 06:44:00 CDT / 1540554240 --> <row><v>NaN</v></row>
			<!-- 2018-10-26 06:45:00 CDT / 1540554300 --> <row><v>NaN</v></row>
			<!-- 2018-10-26 06:46:00 CDT / 1540554360 --> <row><v>NaN</v></row>
			<!-- 2018-10-26 06:47:00 CDT / 1540554420 --> <row><v>NaN</v></row>
			<!-- 2018-10-26 06:48:00 CDT / 1540554480 --> <row><v>NaN</v></row>
			<!-- 2018-10-26 06:49:00 CDT / 1540554540 --> <row><v>NaN</v></row>
			<!-- 2018-10-26 06:50:00 CDT / 1540554600 --> <row><v>NaN</v></row>
			<!-- 2018-10-26 06:51:00 CDT / 1540554660 --> <row><v>NaN</v></row>
			<!-- 2018-10-26 06:52:00 CDT / 1540554720 --> <row><v>NaN</v></row>
			<!-- 2018-10-26 06:53:00 CDT / 1540554780 --> <row><v>NaN</v></row>
			<!-- 2018-10-26 06:54:00 CDT / 1540554840 --> <row><v>NaN</v></row>
			<!-- 2018-10-26 06:55:00 CDT / 1540554900 --> <row><v>NaN</v></row>
			<!-- 2018-10-26 06:56:00 CDT / 1540554960 --> <row><v>NaN</v></row>
			<!-- 2018-10-26 06:57:00 CDT / 1540555020 --> <row><v>NaN</v></row>
			<!-- 2018-10-26 06:58:00 CDT / 1540555080 --> <row><v>NaN</v></row>
			<!-- 2018-10-26 06:59:00 CDT / 1540555140 --> <row><v>NaN</v></row>
			<!-- 2018-10-26 07:00:00 CDT / 1540555200 --> <row><v>NaN</v></row>
			<!-- 2018-10-26 07:01:00 CDT / 1540555260 --> <row><v>NaN</v></row>
			<!-- 2018-10-26 07:02:00 CDT / 1540555320 --> <row><v>NaN</v></row>
			<!-- 2018-10-26 07:03:00 CDT / 1540555380 --> <row><v>NaN</v></row>
			<!-- 2018-10-26 07:04:00 CDT / 1540555440 --> <row><v>NaN</v></row>
			<!-- 2018-10-26 07:05:00 CDT / 1540555500 --> <row><v>NaN</v></row>
			<!-- 2018-10-26 07:06:00 CDT / 1540555560 --> <row><v>NaN</v></row>
			<!-- 2018-10-26 07:07:00 CDT / 1540555620 --> <row><v>NaN</v></row>
			<!-- 2018-10-26 07:08:00 CDT / 1540555680 --> <row><v>NaN</v></row>
			<!-- 2018-10-26 07:09:00 CDT / 1540555740 --> <row><v>NaN</v></row>
			<!-- 2018-10-26 07:10:00 CDT / 1540555800 --> <row><v>NaN</v></row>
			<!-- 2018-10-26 07:11:00 CDT / 1540555860 --> <row><v>NaN</v></row>
			<!-- 2018-10-26 07:12:00 CDT / 1540555920 --> <row><v>NaN</v></row>
			<!-- 2018-10-26 07:13:00 CDT / 1540555980 --> <row><v>NaN</v></row>
			<!-- 2018-10-26 07:14:00 CDT / 1540556040 --> <row><v>NaN</v></row>
			<!-- 2018-10-26 07:15:00 CDT / 1540556100 --> <row><v>NaN</v></row>
			<!-- 2018-10-26 07:16:00 CDT / 1540556160 --> <row><v>NaN</v></row>
			<!-- 2018-10-26 07:17:00 CDT / 1540556220 --> <row><v>NaN</v></row>
			<!-- 2018-10-26 07:18:00 CDT / 1540556280 --> <row><v>NaN</v></row>
			<!-- 2018-10-26 07:19:00 CDT / 1540556340 --> <row><v>NaN</v></row>
			<!-- 2018-10-26 07:20:00 CDT / 1540556400 --> <row><v>NaN</v></row>
			<!-- 2018-10-26 07:21:00 CDT / 1540556460 --> <row><v>NaN</v></row>
			<!-- 2018-10-26 07:22:00 CDT / 1540556520 --> <row><v>NaN</v></row>
			<!-- 2018-10-26 07:23:00 CDT / 1540556580 --> <row><v>NaN</v></row>
			<!-- 2018-10-26 07:24:00 CDT / 1540556640 --> <row><v>NaN</v></row>
			<!-- 2018-10-26 07:25:00 CDT / 1540556700 --> <row><v>NaN</v></row>
			<!-- 2018-10-26 07:26:00 CDT / 1540556760 --> <row><v>NaN</v></row>
			<!-- 2018-10-26 07:27:00 CDT / 1540556820 --> <row><v>NaN</v></row>
			<!-- 2018-10-26 07:28:00 CDT / 1540556880 --> <row><v>NaN</v></row>
			<!-- 2018-10-26 07:29:00 CDT / 1540556940 --> <row><v>NaN</v></row>
			<!-- 2018-10-26 07:30:00 CDT / 1540557000 --> <row><v>NaN</v></row>
			<!-- 2018-10-26 07:31:00 CDT / 1540557060 --> <row><v>NaN</v></row>
			<!-- 2018-10-26 07:32:00 CDT / 1540557120 --> <row><v>NaN</v></row>
			<!-- 2018-10-26 07:33:00 CDT / 1540557180 --> <row><v>NaN</v></row>
			<!-- 2018-10-26 07:34:00 CDT / 1540557240 --> <row><v>NaN</v></row>
			<!-- 2018-10-26 07:35:00 CDT / 1540557300 --> <row><v>NaN</v></row>
			<!-- 2018-10-26 07:36:00 CDT / 1540557360 --> <row><v>NaN</v></row>
			<!-- 2018-10-26 07:37:00 CDT / 1540557420 --> <row><v>NaN</v></row>
			<!-- 2018-10-26 07:38:00 CDT / 1540557480 --> <row><v>NaN</v></row>
			<!-- 2018-10-26 07:39:00 CDT / 1540557540 --> <row><v>NaN</v></row>
			<!-- 2018-10-26 07:40:00 CDT / 1540557600 --> <row><v>NaN</v></row>
			<!-- 2018-10-26 07:41:00 CDT / 1540557660 --> <row><v>NaN</v></row>
			<!-- 2018-10-26 07:42:00 CDT / 1540557720 --> <row><v>NaN</v></row>
			<!-- 2018-10-26 07:43:00 CDT / 1540557780 --> <row><v>NaN</v></row>
			<!-- 2018-10-26 07:44:00 CDT / 1540557840 --> <row><v>NaN</v></row>
			<!-- 2018-10-26 07:45:00 CDT / 1540557900 --> <row><v>NaN</v></row>
			<!-- 2018-10-26 07:46:00 CDT / 1540557960 --> <row><v>NaN</v></row>
			<!-- 2018-10-26 07:47:00 CDT / 1540558020 --> <row><v>NaN</v></row>
			<!-- 2018-10-26 07:48:00 CDT / 1540558080 --> <row><v>NaN</v></row>
			<!-- 2018-10-26 07:49:00 CDT / 1540558140 --> <row><v>NaN</v></row>
			<!-- 2018-10-26 07:50:00 CDT / 1540558200 --> <row><v>NaN</v></row>
			<!-- 2018-10-26 07:51:00 CDT / 1540558260 --> <row><v>NaN</v></row>
			<!-- 2018-10-26 07:52:00 CDT / 1540558320 --> <row><v>NaN</v></row>
			<!-- 2018-10-26 07:53:00 CDT / 1540558380 --> <row><v>NaN</v></row>
			<!-- 2018-10-26 07:54:00 CDT / 1540558440 --> <row><v>NaN</v></row>
			<!-- 2018-10-26 07:55:00 CDT / 1540558500 --> <row><v>NaN</v></row>
			<!-- 2018-10-26 07:56:00 CDT / 1540558560 --> <row><v>NaN</v></row>
			<!-- 2018-10-26 07:57:00 CDT / 1540558620 --> <row><v>NaN</v></row>
			<!-- 2018-10-26 07:58:00 CDT / 1540558680 --> <row><v>NaN</v></row>
			<!-- 2018-10-26 07:59:00 CDT / 1540558740 --> <row><v>NaN</v></row>
			<!-- 2018-10-26 08:00:00 CDT / 1540558800 --> <row><v>NaN</v></row>
			<!-- 2018-10-26 08:01:00 CDT / 1540558860 --> <row><v>NaN</v></row>
			<!-- 2018-10-26 08:02:00 CDT / 1540558920 --> <row><v>NaN</v></row>
			<!-- 2018-10-26 08:03:00 CDT / 1540558980 --> <row><v>NaN</v></row>
			<!-- 2018-10-26 08:04:00 CDT / 1540559040 --> <row><v>NaN</v></row>
			<!-- 2018-10-26 08:05:00 CDT / 1540559100 --> <row><v>NaN</v></row>
			<!-- 2018-10-26 08:06:00 CDT / 1540559160 --> <row><v>NaN</v></row>
			<!-- 2018-10-26 08:07:00 CDT / 1540559220 --> <row><v>NaN</v></row>
			<!-- 2018-10-26 08:08:00 CDT / 1540559280 --> <row><v>NaN</v></row>
			<!-- 2018-10-26 08:09:00 CDT / 1540559340 --> <row><v>NaN</v></row>
			<!-- 2018-10-26 08:10:00 CDT / 1540559400 --> <row><v>NaN</v></row>
			<!-- 2018-10-26 08:11:00 CDT / 1540559460 --> <row><v>NaN</v></row>
			<!-- 2018-10-26 08:12:00 CDT / 1540559520 --> <row><v>NaN</v></row>
			<!-- 2018-10-26 08:13:00 CDT / 1540559580 --> <row><v>NaN</v></row>
			<!-- 2018-10-26 08:14:00 CDT / 1540559640 --> <row><v>NaN</v></row>
			<!-- 2018-10-26 08:15:00 CDT / 1540559700 --> <row><v>NaN</v></row>
			<!-- 2018-10-26 08:16:00 CDT / 1540559760 --> <row><v>NaN</v></row>
			<!-- 2018-10-26 08:17:00 CDT / 1540559820 --> <row><v>NaN</v></row>
			<!-- 2018-10-26 08:18:00 CDT / 1540559880 --> <row><v>NaN</v></row>
			<!-- 2018-10-26 08:19:00 CDT / 1540559940 --> <row><v>NaN</v></row>
			<!-- 2018-10-26 08:20:00 CDT / 1540560000 --> <row><v>NaN</v></row>
			<!-- 2018-10-26 08:21:00 CDT / 1540560060 --> <row><v>NaN</v></row>
			<!-- 2018-10-26 08:22:00 CDT / 1540560120 --> <row><v>NaN</v></row>
			<!-- 2018-10-26 08:23:00 CDT / 1540560180 --> <row><v>NaN</v></row>
			<!-- 2018-10-26 08:24:00 CDT / 1540560240 --> <row><v>NaN</v></row>
			<!-- 2018-10-26 08:25:00 CDT / 1540560300 --> <row><v>NaN</v></row>
			<!-- 2018-10-26 08:26:00 CDT / 1540560360 --> <row><v>NaN</v></row>
			<!-- 2018-10-26 08:27:00 CDT / 1540560420 --> <row><v>NaN</v></row>
			<!-- 2018-10-26 08:28:00 CDT / 1540560480 --> <row><v>NaN</v></row>
			<!-- 2018-10-26 08:29:00 CDT / 1540560540 --> <row><v>NaN</v></row>
			<!-- 2018-10-26 08:30:00 CDT / 1540560600 --> <row><v>NaN</v></row>
			<!-- 2018-10-26 08:31:00 CDT / 1540560660 --> <row><v>NaN</v></row>
			<!-- 2018-10-26 08:32:00 CDT / 1540560720 --> <row><v>NaN</v></row>
			<!-- 2018-10-26 08:33:00 CDT / 1540560780 --> <row><v>NaN</v></row>
			<!-- 2018-10-26 08:34:00 CDT / 1540560840 --> <row><v>NaN</v></row>
			<!-- 2018-10-26 08:35:00 CDT / 1540560900 --> <row><v>NaN</v></row>
			<!-- 2018-10-26 08:36:00 CDT / 1540560960 --> <row><v>NaN</v></row>
			<!-- 2018-10-26 08:37:00 CDT / 1540561020 --> <row><v>NaN</v></row>
			<!-- 2018-10-26 08:38:00 CDT / 1540561080 --> <row><v>NaN</v></row>
			<!-- 2018-10-26 08:39:00 CDT / 1540561140 --> <row><v>NaN</v></row>
			<!-- 2018-10-26 08:40:00 CDT / 1540561200 --> <row><v>NaN</v></row>
			<!-- 2018-10-26 08:41:00 CDT / 1540561260 --> <row><v>NaN</v></row>
			<!-- 2018-10-26 08:42:00 CDT / 1540561320 --> <row><v>NaN</v></row>
			<!-- 2018-10-26 08:43:00 CDT / 1540561380 --> <row><v>NaN</v></row>
			<!-- 2018-10-26 08:44:00 CDT / 1540561440 --> <row><v>NaN</v></row>
			<!-- 2018-10-26 08:45:00 CDT / 1540561500 --> <row><v>NaN</v></row>
			<!-- 2018-10-26 08:46:00 CDT / 1540561560 --> <row><v>NaN</v></row>
			<!-- 2018-10-26 08:47:00 CDT / 1540561620 --> <row><v>NaN</v></row>
			<!-- 2018-10-26 08:48:00 CDT / 1540561680 --> <row><v>NaN</v></row>
			<!-- 2018-10-26 08:49:00 CDT / 1540561740 --> <row><v>NaN</v></row>
			<!-- 2018-10-26 08:50:00 CDT / 1540561800 --> <row><v>NaN</v></row>
			<!-- 2018-10-26 08:51:00 CDT / 1540561860 --> <row><v>NaN</v></row>
			<!-- 2018-10-26 08:52:00 CDT / 1540561920 --> <row><v>NaN</v></row>
			<!-- 2018-10-26 08:53:00 CDT / 1540561980 --> <row><v>NaN</v></row>
			<!-- 2018-10-26 08:54:00 CDT / 1540562040 --> <row><v>NaN</v></row>
			<!-- 2018-10-26 08:55:00 CDT / 1540562100 --> <row><v>NaN</v></row>
			<!-- 2018-10-26 08:56:00 CDT / 1540562160 --> <row><v>NaN</v></row>
			<!-- 2018-10-26 08:57:00 CDT / 1540562220 --> <row><v>NaN</v></row>
			<!-- 2018-10-26 08:58:00 CDT / 1540562280 --> <row><v>NaN</v></row>
			<!-- 2018-10-26 08:59:00 CDT / 1540562340 --> <row><v>NaN</v></row>
			<!-- 2018-10-26 09:00:00 CDT / 1540562400 --> <row><v>NaN</v></row>
			<!-- 2018-10-26 09:01:00 CDT / 1540562460 --> <row><v>NaN</v></row>
			<!-- 2018-10-26 09:02:00 CDT / 1540562520 --> <row><v>NaN</v></row>
			<!-- 2018-10-26 09:03:00 CDT / 1540562580 --> <row><v>NaN</v></row>
			<!-- 2018-10-26 09:04:00 CDT / 1540562640 --> <row><v>NaN</v></row>
			<!-- 2018-10-26 09:05:00 CDT / 1540562700 --> <row><v>NaN</v></row>
			<!-- 2018-10-26 09:06:00 CDT / 1540562760 --> <row><v>NaN</v></row>
			<!-- 2018-10-26 09:07:00 CDT / 1540562820 --> <row><v>NaN</v></row>
			<!-- 2018-10-26 09:08:00 CDT / 1540562880 --> <row><v>NaN</v></row>
			<!-- 2018-10-26 09:09:00 CDT / 1540562940 --> <row><v>NaN</v></row>
			<!-- 2018-10-26 09:10:00 CDT / 1540563000 --> <row><v>NaN</v></row>
			<!-- 2018-10-26 09:11:00 CDT / 1540563060 --> <row><v>NaN</v></row>
			<!-- 2018-10-26 09:12:00 CDT / 1540563120 --> <row><v>NaN</v></row>
			<!-- 2018-10-26 09:13:00 CDT / 1540563180 --> <row><v>NaN</v></row>
			<!-- 2018-10-26 09:14:00 CDT / 1540563240 --> <row><v>NaN</v></row>
			<!-- 2018-10-26 09:15:00 CDT / 1540563300 --> <row><v>NaN</v></row>
			<!-- 2018-10-26 09:16:00 CDT / 1540563360 --> <row><v>NaN</v></row>
			<!-- 2018-10-26 09:17:00 CDT / 1540563420 --> <row><v>NaN</v></row>
			<!-- 2018-10-26 09:18:00 CDT / 1540563480 --> <row><v>NaN</v></row>
			<!-- 2018-10-26 09:19:00 CDT / 1540563540 --> <row><v>NaN</v></row>
			<!-- 2018-10-26 09:20:00 CDT / 1540563600 --> <row><v>NaN</v></row>
			<!-- 2018-10-26 09:21:00 CDT / 1540563660 --> <row><v>NaN</v></row>
			<!-- 2018-10-26 09:22:00 CDT / 1540563720 --> <row><v>NaN</v></row>
			<!-- 2018-10-26 09:23:00 CDT / 1540563780 --> <row><v>NaN</v></row>
			<!-- 2018-10-26 09:24:00 CDT / 1540563840 --> <row><v>NaN</v></row>
			<!-- 2018-10-26 09:25:00 CDT / 1540563900 --> <row><v>NaN</v></row>
			<!-- 2018-10-26 09:26:00 CDT / 1540563960 --> <row><v>NaN</v></row>
			<!-- 2018-10-26 09:27:00 CDT / 1540564020 --> <row><v>NaN</v></row>
			<!-- 2018-10-26 09:28:00 CDT / 1540564080 --> <row><v>NaN</v></row>
			<!-- 2018-10-26 09:29:00 CDT / 1540564140 --> <row><v>NaN</v></row>
			<!-- 2018-10-26 09:30:00 CDT / 1540564200 --> <row><v>NaN</v></row>
			<!-- 2018-10-26 09:31:00 CDT / 1540564260 --> <row><v>NaN</v></row>
			<!-- 2018-10-26 09:32:00 CDT / 1540564320 --> <row><v>NaN</v></row>
			<!-- 2018-10-26 09:33:00 CDT / 1540564380 --> <row><v>NaN</v></row>
			<!-- 2018-10-26 09:34:00 CDT / 1540564440 --> <row><v>NaN</v></row>
			<!-- 2018-10-26 09:35:00 CDT / 1540564500 --> <row><v>NaN</v></row>
			<!-- 2018-10-26 09:36:00 CDT / 1540564560 --> <row><v>NaN</v></row>
			<!-- 2018-10-26 09:37:00 CDT / 1540564620 --> <row><v>NaN</v></row>
			<!-- 2018-10-26 09:38:00 CDT / 1540564680 --> <row><v>NaN</v></row>
			<!-- 2018-10-26 09:39:00 CDT / 1540564740 --> <row><v>NaN</v></row>
			<!-- 2018-10-26 09:40:00 CDT / 1540564800 --> <row><v>NaN</v></row>
			<!-- 2018-10-26 09:41:00 CDT / 1540564860 --> <row><v>NaN</v></row>
			<!-- 2018-10-26 09:42:00 CDT / 1540564920 --> <row><v>NaN</v></row>
			<!-- 2018-10-26 09:43:00 CDT / 1540564980 --> <row><v>NaN</v></row>
			<!-- 2018-10-26 09:44:00 CDT / 1540565040 --> <row><v>NaN</v></row>
			<!-- 2018-10-26 09:45:00 CDT / 1540565100 --> <row><v>NaN</v></row>
			<!-- 2018-10-26 09:46:00 CDT / 1540565160 --> <row><v>NaN</v></row>
			<!-- 2018-10-26 09:47:00 CDT / 1540565220 --> <row><v>NaN</v></row>
			<!-- 2018-10-26 09:48:00 CDT / 1540565280 --> <row><v>NaN</v></row>
			<!-- 2018-10-26 09:49:00 CDT / 1540565340 --> <row><v>NaN</v></row>
			<!-- 2018-10-26 09:50:00 CDT / 1540565400 --> <row><v>NaN</v></row>
			<!-- 2018-10-26 09:51:00 CDT / 1540565460 --> <row><v>NaN</v></row>
			<!-- 2018-10-26 09:52:00 CDT / 1540565520 --> <row><v>NaN</v></row>
			<!-- 2018-10-26 09:53:00 CDT / 1540565580 --> <row><v>NaN</v></row>
			<!-- 2018-10-26 09:54:00 CDT / 1540565640 --> <row><v>NaN</v></row>
			<!-- 2018-10-26 09:55:00 CDT / 1540565700 --> <row><v>NaN</v></row>
			<!-- 2018-10-26 09:56:00 CDT / 1540565760 --> <row><v>NaN</v></row>
			<!-- 2018-10-26 09:57:00 CDT / 1540565820 --> <row><v>NaN</v></row>
			<!-- 2018-10-26 09:58:00 CDT / 1540565880 --> <row><v>NaN</v></row>
			<!-- 2018-10-26 09:59:00 CDT / 1540565940 --> <row><v>NaN</v></row>
			<!-- 2018-10-26 10:00:00 CDT / 1540566000 --> <row><v>NaN</v></row>
			<!-- 2018-10-26 10:01:00 CDT / 1540566060 --> <row><v>NaN</v></row>
			<!-- 2018-10-26 10:02:00 CDT / 1540566120 --> <row><v>NaN</v></row>
			<!-- 2018-10-26 10:03:00 CDT / 1540566180 --> <row><v>NaN</v></row>
			<!-- 2018-10-26 10:04:00 CDT / 1540566240 --> <row><v>NaN</v></row>
			<!-- 2018-10-26 10:05:00 CDT / 1540566300 --> <row><v>NaN</v></row>
			<!-- 2018-10-26 10:06:00 CDT / 1540566360 --> <row><v>NaN</v></row>
			<!-- 2018-10-26 10:07:00 CDT / 1540566420 --> <row><v>NaN</v></row>
			<!-- 2018-10-26 10:08:00 CDT / 1540566480 --> <row><v>NaN</v></row>
			<!-- 2018-10-26 10:09:00 CDT / 1540566540 --> <row><v>NaN</v></row>
			<!-- 2018-10-26 10:10:00 CDT / 1540566600 --> <row><v>NaN</v></row>
			<!-- 2018-10-26 10:11:00 CDT / 1540566660 --> <row><v>NaN</v></row>
			<!-- 2018-10-26 10:12:00 CDT / 1540566720 --> <row><v>NaN</v></row>
			<!-- 2018-10-26 10:13:00 CDT / 1540566780 --> <row><v>NaN</v></row>
			<!-- 2018-10-26 10:14:00 CDT / 1540566840 --> <row><v>NaN</v></row>
			<!-- 2018-10-26 10:15:00 CDT / 1540566900 --> <row><v>NaN</v></row>
			<!-- 2018-10-26 10:16:00 CDT / 1540566960 --> <row><v>NaN</v></row>
			<!-- 2018-10-26 10:17:00 CDT / 1540567020 --> <row><v>NaN</v></row>
			<!-- 2018-10-26 10:18:00 CDT / 1540567080 --> <row><v>NaN</v></row>
			<!-- 2018-10-26 10:19:00 CDT / 1540567140 --> <row><v>NaN</v></row>
			<!-- 2018-10-26 10:20:00 CDT / 1540567200 --> <row><v>NaN</v></row>
			<!-- 2018-10-26 10:21:00 CDT / 1540567260 --> <row><v>NaN</v></row>
			<!-- 2018-10-26 10:22:00 CDT / 1540567320 --> <row><v>NaN</v></row>
			<!-- 2018-10-26 10:23:00 CDT / 1540567380 --> <row><v>NaN</v></row>
			<!-- 2018-10-26 10:24:00 CDT / 1540567440 --> <row><v>NaN</v></row>
			<!-- 2018-10-26 10:25:00 CDT / 1540567500 --> <row><v>NaN</v></row>
			<!-- 2018-10-26 10:26:00 CDT / 1540567560 --> <row><v>NaN</v></row>
			<!-- 2018-10-26 10:27:00 CDT / 1540567620 --> <row><v>NaN</v></row>
			<!-- 2018-10-26 10:28:00 CDT / 1540567680 --> <row><v>NaN</v></row>
			<!-- 2018-10-26 10:29:00 CDT / 1540567740 --> <row><v>NaN</v></row>
			<!-- 2018-10-26 10:30:00 CDT / 1540567800 --> <row><v>NaN</v></row>
			<!-- 2018-10-26 10:31:00 CDT / 1540567860 --> <row><v>NaN</v></row>
			<!-- 2018-10-26 10:32:00 CDT / 1540567920 --> <row><v>NaN</v></row>
			<!-- 2018-10-26 10:33:00 CDT / 1540567980 --> <row><v>NaN</v></row>
			<!-- 2018-10-26 10:34:00 CDT / 1540568040 --> <row><v>NaN</v></row>
			<!-- 2018-10-26 10:35:00 CDT / 1540568100 --> <row><v>NaN</v></row>
			<!-- 2018-10-26 10:36:00 CDT / 1540568160 --> <row><v>NaN</v></row>
			<!-- 2018-10-26 10:37:00 CDT / 1540568220 --> <row><v>NaN</v></row>
			<!-- 2018-10-26 10:38:00 CDT / 1540568280 --> <row><v>NaN</v></row>
			<!-- 2018-10-26 10:39:00 CDT / 1540568340 --> <row><v>NaN</v></row>
			<!-- 2018-10-26 10:40:00 CDT / 1540568400 --> <row><v>NaN</v></row>
			<!-- 2018-10-26 10:41:00 CDT / 1540568460 --> <row><v>NaN</v></row>
			<!-- 2018-10-26 10:42:00 CDT / 1540568520 --> <row><v>NaN</v></row>
			<!-- 2018-10-26 10:43:00 CDT / 1540568580 --> <row><v>2.6207372286e+01</v></row>
			<!-- 2018-10-26 10:44:00 CDT / 1540568640 --> <row><v>4.9084781633e+01</v></row>
			<!-- 2018-10-26 10:45:00 CDT / 1540568700 --> <row><v>6.4218144867e+01</v></row>
			<!-- 2018-10-26 10:46:00 CDT / 1540568760 --> <row><v>4.8953284950e+01</v></row>
		</database>
	</rra>
</rrd>
