<?xml version="1.0" encoding="utf-8"?>
<!DOCTYPE rrd SYSTEM "http://oss.oetiker.ch/rrdtool/rrdtool.dtd">
<!-- Round Robin Database Dump -->
<rrd>
	<version>0003</version>
	<step>60</step> <!-- Seconds -->
	<lastupdate>1539813635</lastupdate> <!-- 2018-10-17 17:00:35 CDT -->

	<ds>
		<name> RAM </name>
		<type> GAUGE </type>
		<minimal_heartbeat>600</minimal_heartbeat>
		<min>NaN</min>
		<max>NaN</max>

		<!-- PDP Status -->
		<last_ds>7098464</last_ds>
		<value>2.5426502422e+08</value>
		<unknown_sec> 0 </unknown_sec>
	</ds>

	<!-- Round Robin Archives -->
	<rra>
		<cf>AVERAGE</cf>
		<pdp_per_row>1</pdp_per_row> <!-- 60 seconds -->

		<params>
		<xff>5.0000000000e-01</xff>
		</params>
		<cdp_prep>
			<ds>
			<primary_value>7.0833106385e+06</primary_value>
			<secondary_value>7.2518723959e+06</secondary_value>
			<value>NaN</value>
			<unknown_datapoints>0</unknown_datapoints>
			</ds>
		</cdp_prep>
		<database>
			<!-- 2018-10-17 16:37:00 CDT / 1539812220 --> <row><v>6.9691395829e+06</v></row>
			<!-- 2018-10-17 16:38:00 CDT / 1539812280 --> <row><v>6.9920547988e+06</v></row>
			<!-- 2018-10-17 16:39:00 CDT / 1539812340 --> <row><v>7.2905728482e+06</v></row>
			<!-- 2018-10-17 16:40:00 CDT / 1539812400 --> <row><v>7.2293403439e+06</v></row>
			<!-- 2018-10-17 16:41:00 CDT / 1539812460 --> <row><v>7.0747052271e+06</v></row>
			<!-- 2018-10-17 16:42:00 CDT / 1539812520 --> <row><v>7.0799533814e+06</v></row>
			<!-- 2018-10-17 16:43:00 CDT / 1539812580 --> <row><v>7.0806721981e+06</v></row>
			<!-- 2018-10-17 16:44:00 CDT / 1539812640 --> <row><v>7.0989929772e+06</v></row>
			<!-- 2018-10-17 16:45:00 CDT / 1539812700 --> <row><v>7.1364251362e+06</v></row>
			<!-- 2018-10-17 16:46:00 CDT / 1539812760 --> <row><v>7.1831352379e+06</v></row>
			<!-- 2018-10-17 16:47:00 CDT / 1539812820 --> <row><v>7.1289940769e+06</v></row>
			<!-- 2018-10-17 16:48:00 CDT / 1539812880 --> <row><v>7.1457367680e+06</v></row>
			<!-- 2018-10-17 16:49:00 CDT / 1539812940 --> <row><v>7.1608023545e+06</v></row>
			<!-- 2018-10-17 16:50:00 CDT / 1539813000 --> <row><v>7.1808298907e+06</v></row>
			<!-- 2018-10-17 16:51:00 CDT / 1539813060 --> <row><v>7.2031328055e+06</v></row>
			<!-- 2018-10-17 16:52:00 CDT / 1539813120 --> <row><v>7.2024468293e+06</v></row>
			<!-- 2018-10-17 16:53:00 CDT / 1539813180 --> <row><v>7.2034443359e+06</v></row>
			<!-- 2018-10-17 16:54:00 CDT / 1539813240 --> <row><v>7.2174863014e+06</v></row>
			<!-- 2018-10-17 16:55:00 CDT / 1539813300 --> <row><v>7.2518723959e+06</v></row>
			<!-- 2018-10-17 16:56:00 CDT / 1539813360 --> <row><v>7.2518723959e+06</v></row>
			<!-- 2018-10-17 16:57:00 CDT / 1539813420 --> <row><v>7.2747902190e+06</v></row>
			<!-- 2018-10-17 16:58:00 CDT / 1539813480 --> <row><v>7.1478210870e+06</v></row>
			<!-- 2018-10-17 16:59:00 CDT / 1539813540 --> <row><v>7.0602550310e+06</v></row>
			<!-- 2018-10-17 17:00:00 CDT / 1539813600 --> <row><v>7.0833106385e+06</v></row>
		</database>
	</rra>
</rrd>
